        -1.139              0              0
     -0.949167              0              0
        -1.139          0.235              0
     -0.949167          0.235              0
     -0.759333              0              0
     -0.759333          0.235              0
        -1.139           0.47              0
     -0.949167           0.47              0
       -0.5695              0              0
     -0.759333           0.47              0
       -0.5695          0.235              0
        -1.139          0.705              0
     -0.949167          0.705              0
       -0.5695           0.47              0
     -0.379667              0              0
     -0.379667          0.235              0
     -0.759333          0.705              0
     -0.379667           0.47              0
       -0.5695          0.705              0
        -1.139           0.94              0
     -0.189833              0              0
     -0.949167           0.94              0
     -0.189833          0.235              0
     -0.759333           0.94              0
     -0.379667          0.705              0
     -0.189833           0.47              0
       -0.5695           0.94              0
             0              0              0
             0          0.235              0
        -1.139          1.175              0
     -0.189833          0.705              0
     -0.949167          1.175              0
     -0.379667           0.94              0
             0           0.47              0
     -0.759333          1.175              0
       -0.5695          1.175              0
      0.189833              0              0
     -0.189833           0.94              0
             0          0.705              0
      0.189833          0.235              0
     -0.379667          1.175              0
      0.189833           0.47              0
        -1.139           1.41              0
     -0.949167           1.41              0
     -0.759333           1.41              0
             0           0.94              0
      0.189833          0.705              0
     -0.189833          1.175              0
      0.379667              0              0
       -0.5695           1.41              0
      0.379667          0.235              0
      0.379667           0.47              0
     -0.379667           1.41              0
      0.189833           0.94              0
 -2.22045e-016          1.175              0
        -1.139          1.645              0
     -0.949167          1.645              0
      0.379667          0.705              0
     -0.759333          1.645              0
     -0.189833           1.41              0
        0.5695              0              0
        0.5695          0.235              0
       -0.5695          1.645              0
        0.5695           0.47              0
      0.189833          1.175              0
      0.379667           0.94              0
     -0.379667          1.645              0
             0           1.41              0
        0.5695          0.705              0
        -1.139           1.88              0
     -0.949167           1.88              0
      0.759333              0              0
     -0.189833          1.645              0
      0.759333          0.235              0
     -0.759333           1.88              0
      0.379667          1.175              0
      0.189833           1.41              0
        0.5695           0.94              0
      0.759333           0.47              0
       -0.5695           1.88              0
             0          1.645              0
      0.759333          0.705              0
     -0.379667           1.88              0
      0.379667           1.41              0
        0.5695          1.175              0
      0.949167              0              0
      0.949167          0.235              0
     -0.189833           1.88              0
      0.189833          1.645              0
        -1.139          2.115              0
      0.759333           0.94              0
     -0.949167          2.115              0
      0.949167           0.47              0
     -0.759333          2.115              0
       -0.5695          2.115              0
             0           1.88              0
      0.949167          0.705              0
        0.5695           1.41              0
      0.759333          1.175              0
      0.379667          1.645              0
     -0.379667          2.115              0
         1.139              0              0
      0.949167           0.94              0
         1.139          0.235              0
      0.189833           1.88              0
     -0.189833          2.115              0
         1.139           0.47              0
        -1.139           2.35              0
     -0.949167           2.35              0
      0.759333           1.41              0
        0.5695          1.645              0
     -0.759333           2.35              0
         1.139          0.705              0
      0.949167          1.175              0
             0          2.115              0
      0.379667           1.88              0
       -0.5695           2.35              0
         1.139           0.94              0
     -0.379667           2.35              0
      0.189833          2.115              0
      0.759333          1.645              0
      0.949167           1.41              0
     -0.189833           2.35              0
        0.5695           1.88              0
         1.139          1.175              0
        -1.139          2.585              0
     -0.949167          2.585              0
      0.379667          2.115              0
             0           2.35              0
     -0.759333          2.585              0
       -0.5695          2.585              0
      0.949167          1.645              0
      0.759333           1.88              0
         1.139           1.41              0
     -0.379667          2.585              0
      0.189833           2.35              0
        0.5695          2.115              0
     -0.189833          2.585              0
      0.379667           2.35              0
      0.949167           1.88              0
         1.139          1.645              0
        -1.139           2.82              0
             0          2.585              0
     -0.949167           2.82              0
      0.759333          2.115              0
     -0.759333           2.82              0
       -0.5695           2.82              0
        0.5695           2.35              0
      0.189833          2.585              0
     -0.379667           2.82              0
         1.139           1.88              0
      0.949167          2.115              0
     -0.189833           2.82              0
      0.379667          2.585              0
      0.759333           2.35              0
             0           2.82              0
        -1.139          3.055              0
     -0.949167          3.055              0
     -0.759333          3.055              0
        0.5695          2.585              0
       -0.5695          3.055              0
         1.139          2.115              0
      0.189833           2.82              0
      0.949167           2.35              0
     -0.379667          3.055              0
     -0.189833          3.055              0
      0.379667           2.82              0
      0.759333          2.585              0
             0          3.055              0
         1.139           2.35              0
        -1.139           3.29              0
     -0.949167           3.29              0
        0.5695           2.82              0
     -0.759333           3.29              0
      0.949167          2.585              0
      0.189833          3.055              0
       -0.5695           3.29              0
     -0.379667           3.29              0
      0.759333           2.82              0
      0.379667          3.055              0
     -0.189833           3.29              0
         1.139          2.585              0
             0           3.29              0
        0.5695          3.055              0
      0.949167           2.82              0
        -1.139          3.525              0
     -0.949167          3.525              0
     -0.759333          3.525              0
      0.189833           3.29              0
       -0.5695          3.525              0
      0.759333          3.055              0
     -0.379667          3.525              0
      0.379667           3.29              0
         1.139           2.82              0
     -0.189833          3.525              0
      0.949167          3.055              0
             0          3.525              0
        0.5695           3.29              0
        -1.139           3.76              0
     -0.949167           3.76              0
      0.189833          3.525              0
     -0.759333           3.76              0
      0.759333           3.29              0
       -0.5695           3.76              0
         1.139          3.055              0
     -0.379667           3.76              0
      0.379667          3.525              0
     -0.189833           3.76              0
      0.949167           3.29              0
        0.5695          3.525              0
             0           3.76              0
      0.189833           3.76              0
        -1.139          3.995              0
     -0.949167          3.995              0
         1.139           3.29              0
      0.759333          3.525              0
     -0.759333          3.995              0
       -0.5695          3.995              0
      0.379667           3.76              0
     -0.379667          3.995              0
      0.949167          3.525              0
     -0.189833          3.995              0
        0.5695           3.76              0
             0          3.995              0
         1.139          3.525              0
      0.189833          3.995              0
      0.759333           3.76              0
        -1.139           4.23              0
     -0.949167           4.23              0
     -0.759333           4.23              0
       -0.5695           4.23              0
      0.379667          3.995              0
     -0.379667           4.23              0
      0.949167           3.76              0
     -0.189833           4.23              0
        0.5695          3.995              0
             0           4.23              0
         1.139           3.76              0
      0.759333          3.995              0
      0.189833           4.23              0
        -1.139          4.465              0
     -0.949167          4.465              0
     -0.759333          4.465              0
      0.379667           4.23              0
       -0.5695          4.465              0
      0.949167          3.995              0
     -0.379667          4.465              0
        0.5695           4.23              0
     -0.189833          4.465              0
         1.139          3.995              0
             0          4.465              0
      0.759333           4.23              0
      0.189833          4.465              0
        -1.139            4.7              0
     -0.949167            4.7              0
     -0.759333            4.7              0
      0.379667          4.465              0
      0.949167           4.23              0
       -0.5695            4.7              0
     -0.379667            4.7              0
        0.5695          4.465              0
     -0.189833            4.7              0
         1.139           4.23              0
             0            4.7              0
      0.759333          4.465              0
      0.189833            4.7              0
      0.949167          4.465              0
        -1.139          4.935              0
     -0.949167          4.935              0
      0.379667            4.7              0
     -0.759333          4.935              0
       -0.5695          4.935              0
     -0.379667          4.935              0
        0.5695            4.7              0
         1.139          4.465              0
     -0.189833          4.935              0
             0          4.935              0
      0.759333            4.7              0
      0.189833          4.935              0
      0.949167            4.7              0
      0.379667          4.935              0
        -1.139           5.17              0
     -0.949167           5.17              0
     -0.759333           5.17              0
       -0.5695           5.17              0
        0.5695          4.935              0
         1.139            4.7              0
     -0.379667           5.17              0
     -0.189833           5.17              0
      0.759333          4.935              0
             0           5.17              0
      0.189833           5.17              0
      0.949167          4.935              0
      0.379667           5.17              0
        -1.139          5.405              0
     -0.949167          5.405              0
     -0.759333          5.405              0
       -0.5695          5.405              0
         1.139          4.935              0
        0.5695           5.17              0
     -0.379667          5.405              0
     -0.189833          5.405              0
      0.759333           5.17              0
 -3.77476e-014          5.405              0
      0.189833          5.405              0
      0.949167           5.17              0
      0.379667          5.405              0
        -1.139           5.64              0
     -0.949167           5.64              0
         1.139           5.17              0
     -0.759333           5.64              0
        0.5695          5.405              0
       -0.5695           5.64              0
     -0.379667           5.64              0
     -0.189833           5.64              0
      0.759333          5.405              0
             0           5.64              0
      0.949167          5.405              0
      0.189833           5.64              0
      0.379667           5.64              0
         1.139          5.405              0
        -1.139          5.875              0
     -0.949167          5.875              0
     -0.759333          5.875              0
        0.5695           5.64              0
       -0.5695          5.875              0
     -0.379667          5.875              0
      0.759333           5.64              0
     -0.189833          5.875              0
             0          5.875              0
      0.949167           5.64              0
      0.189833          5.875              0
      0.379667          5.875              0
         1.139           5.64              0
        -1.139           6.11              0
     -0.949167           6.11              0
        0.5695          5.875              0
     -0.759333           6.11              0
       -0.5695           6.11              0
     -0.379667           6.11              0
      0.759333          5.875              0
     -0.189833           6.11              0
             0           6.11              0
      0.949167          5.875              0
      0.189833           6.11              0
      0.379667           6.11              0
         1.139          5.875              0
        0.5695           6.11              0
        -1.139          6.345              0
     -0.949167          6.345              0
     -0.759333          6.345              0
       -0.5695          6.345              0
     -0.379667          6.345              0
      0.759333           6.11              0
     -0.189833          6.345              0
             0          6.345              0
      0.949167           6.11              0
      0.189833          6.345              0
         1.139           6.11              0
      0.379667          6.345              0
        0.5695          6.345              0
        -1.139           6.58              0
     -0.949167           6.58              0
     -0.759333           6.58              0
       -0.5695           6.58              0
      0.759333          6.345              0
     -0.379667           6.58              0
     -0.189833           6.58              0
             0           6.58              0
      0.949167          6.345              0
      0.189833           6.58              0
         1.139          6.345              0
      0.379667           6.58              0
        0.5695           6.58              0
        -1.139          6.815              0
     -0.949167          6.815              0
     -0.759333          6.815              0
       -0.5695          6.815              0
      0.759333           6.58              0
     -0.379667          6.815              0
     -0.189833          6.815              0
      0.949167           6.58              0
             0          6.815              0
      0.189833          6.815              0
         1.139           6.58              0
      0.379667          6.815              0
        0.5695          6.815              0
        -1.139           7.05              0
     -0.949167           7.05              0
     -0.759333           7.05              0
       -0.5695           7.05              0
      0.759333          6.815              0
     -0.379667           7.05              0
     -0.189833           7.05              0
      0.949167          6.815              0
             0           7.05              0
      0.189833           7.05              0
         1.139          6.815              0
      0.379667           7.05              0
        0.5695           7.05              0
        -1.139          7.285              0
     -0.949167          7.285              0
     -0.759333          7.285              0
      0.759333           7.05              0
       -0.5695          7.285              0
     -0.379667          7.285              0
     -0.189833          7.285              0
      0.949167           7.05              0
             0          7.285              0
      0.189833          7.285              0
         1.139           7.05              0
      0.379667          7.285              0
        0.5695          7.285              0
        -1.139           7.52              0
     -0.949167           7.52              0
      0.759333          7.285              0
     -0.759333           7.52              0
       -0.5695           7.52              0
     -0.379667           7.52              0
      0.949167          7.285              0
     -0.189833           7.52              0
             0           7.52              0
         1.139          7.285              0
      0.189833           7.52              0
      0.379667           7.52              0
        0.5695           7.52              0
        -1.139          7.755              0
      0.759333           7.52              0
     -0.949167          7.755              0
     -0.759333          7.755              0
       -0.5695          7.755              0
     -0.379667          7.755              0
      0.949167           7.52              0
     -0.189833          7.755              0
             0          7.755              0
         1.139           7.52              0
      0.189833          7.755              0
      0.379667          7.755              0
        0.5695          7.755              0
      0.759333          7.755              0
        -1.139           7.99              0
     -0.949167           7.99              0
     -0.759333           7.99              0
       -0.5695           7.99              0
     -0.379667           7.99              0
      0.949167          7.755              0
     -0.189833           7.99              0
             0           7.99              0
         1.139          7.755              0
      0.189833           7.99              0
      0.379667           7.99              0
        0.5695           7.99              0
      0.759333           7.99              0
        -1.139          8.225              0
     -0.949167          8.225              0
     -0.759333          8.225              0
       -0.5695          8.225              0
      0.949167           7.99              0
     -0.379667          8.225              0
     -0.189833          8.225              0
             0          8.225              0
         1.139           7.99              0
      0.189833          8.225              0
      0.379667          8.225              0
        0.5695          8.225              0
      0.759333          8.225              0
        -1.139           8.46              0
     -0.949167           8.46              0
     -0.759333           8.46              0
       -0.5695           8.46              0
      0.949167          8.225              0
     -0.379667           8.46              0
     -0.189833           8.46              0
         1.139          8.225              0
             0           8.46              0
      0.189833           8.46              0
      0.379667           8.46              0
        0.5695           8.46              0
      0.759333           8.46              0
        -1.139          8.695              0
     -0.949167          8.695              0
     -0.759333          8.695              0
       -0.5695          8.695              0
      0.949167           8.46              0
     -0.379667          8.695              0
     -0.189833          8.695              0
         1.139           8.46              0
             0          8.695              0
      0.189833          8.695              0
      0.379667          8.695              0
        0.5695          8.695              0
      0.759333          8.695              0
        -1.139           8.93              0
     -0.949167           8.93              0
     -0.759333           8.93              0
      0.949167          8.695              0
       -0.5695           8.93              0
     -0.379667           8.93              0
     -0.189833           8.93              0
         1.139          8.695              0
             0           8.93              0
      0.189833           8.93              0
      0.379667           8.93              0
        0.5695           8.93              0
      0.759333           8.93              0
        -1.139          9.165              0
     -0.949167          9.165              0
      0.949167           8.93              0
     -0.759333          9.165              0
       -0.5695          9.165              0
     -0.379667          9.165              0
     -0.189833          9.165              0
         1.139           8.93              0
             0          9.165              0
      0.189833          9.165              0
      0.379667          9.165              0
        0.5695          9.165              0
      0.759333          9.165              0
      0.949167          9.165              0
        -1.139            9.4              0
     -0.949167            9.4              0
     -0.759333            9.4              0
       -0.5695            9.4              0
     -0.379667            9.4              0
         1.139          9.165              0
     -0.189833            9.4              0
             0            9.4              0
      0.189833            9.4              0
      0.379667            9.4              0
        0.5695            9.4              0
      0.759333            9.4              0
      0.949167            9.4              0
        -1.139          9.635              0
     -0.949167          9.635              0
     -0.759333          9.635              0
       -0.5695          9.635              0
     -0.379667          9.635              0
         1.139            9.4              0
     -0.189833          9.635              0
             0          9.635              0
      0.189833          9.635              0
      0.379667          9.635              0
        0.5695          9.635              0
      0.759333          9.635              0
      0.949167          9.635              0
        -1.139           9.87              0
     -0.949167           9.87              0
     -0.759333           9.87              0
       -0.5695           9.87              0
     -0.379667           9.87              0
         1.139          9.635              0
     -0.189833           9.87              0
             0           9.87              0
      0.189833           9.87              0
      0.379667           9.87              0
        0.5695           9.87              0
      0.759333           9.87              0
      0.949167           9.87              0
        -1.139         10.105              0
     -0.949167         10.105              0
     -0.759333         10.105              0
       -0.5695         10.105              0
         1.139           9.87              0
     -0.379667         10.105              0
     -0.189833         10.105              0
             0         10.105              0
      0.189833         10.105              0
      0.379667         10.105              0
        0.5695         10.105              0
      0.759333         10.105              0
      0.949167         10.105              0
        -1.139          10.34              0
     -0.949167          10.34              0
     -0.759333          10.34              0
       -0.5695          10.34              0
         1.139         10.105              0
     -0.379667          10.34              0
     -0.189833          10.34              0
             0          10.34              0
      0.189833          10.34              0
      0.379667          10.34              0
        0.5695          10.34              0
      0.759333          10.34              0
      0.949167          10.34              0
        -1.139         10.575              0
     -0.949167         10.575              0
     -0.759333         10.575              0
         1.139          10.34              0
       -0.5695         10.575              0
     -0.379667         10.575              0
     -0.189833         10.575              0
             0         10.575              0
      0.189833         10.575              0
      0.379667         10.575              0
        0.5695         10.575              0
      0.759333         10.575              0
      0.949167         10.575              0
        -1.139          10.81              0
     -0.949167          10.81              0
     -0.759333          10.81              0
         1.139         10.575              0
       -0.5695          10.81              0
     -0.379667          10.81              0
     -0.189833          10.81              0
             0          10.81              0
      0.189833          10.81              0
      0.379667          10.81              0
        0.5695          10.81              0
      0.759333          10.81              0
      0.949167          10.81              0
        -1.139         11.045              0
     -0.949167         11.045              0
         1.139          10.81              0
     -0.759333         11.045              0
       -0.5695         11.045              0
     -0.379667         11.045              0
     -0.189833         11.045              0
             0         11.045              0
      0.189833         11.045              0
      0.379667         11.045              0
        0.5695         11.045              0
      0.759333         11.045              0
      0.949167         11.045              0
         1.139         11.045              0
        -1.139          11.28              0
     -0.949167          11.28              0
     -0.759333          11.28              0
       -0.5695          11.28              0
     -0.379667          11.28              0
     -0.189833          11.28              0
 -2.22045e-016          11.28              0
      0.189833          11.28              0
      0.379667          11.28              0
        0.5695          11.28              0
      0.759333          11.28              0
      0.949167          11.28              0
         1.139          11.28              0
        -1.139         11.515              0
     -0.949167         11.515              0
     -0.759333         11.515              0
       -0.5695         11.515              0
     -0.379667         11.515              0
     -0.189833         11.515              0
 -2.22045e-016         11.515              0
      0.189833         11.515              0
      0.379667         11.515              0
        0.5695         11.515              0
      0.759333         11.515              0
      0.949167         11.515              0
         1.139         11.515              0
        -1.139          11.75              0
     -0.949167          11.75              0
     -0.759333          11.75              0
       -0.5695          11.75              0
     -0.379667          11.75              0
     -0.189833          11.75              0
             0          11.75              0
      0.189833          11.75              0
      0.379667          11.75              0
        0.5695          11.75              0
      0.759333          11.75              0
      0.949167          11.75              0
         1.139          11.75              0
        -1.139         11.985              0
     -0.949167         11.985              0
     -0.759333         11.985              0
       -0.5695         11.985              0
     -0.379667         11.985              0
     -0.189833         11.985              0
             0         11.985              0
      0.189833         11.985              0
      0.379667         11.985              0
        0.5695         11.985              0
      0.759333         11.985              0
      0.949167         11.985              0
         1.139         11.985              0
        -1.139          12.22              0
     -0.949167          12.22              0
     -0.759333          12.22              0
       -0.5695          12.22              0
     -0.379667          12.22              0
     -0.189833          12.22              0
             0          12.22              0
      0.189833          12.22              0
      0.379667          12.22              0
        0.5695          12.22              0
      0.759333          12.22              0
      0.949167          12.22              0
         1.139          12.22              0
        -1.139         12.455              0
     -0.949167         12.455              0
     -0.759333         12.455              0
       -0.5695         12.455              0
     -0.379667         12.455              0
     -0.189833         12.455              0
             0         12.455              0
      0.189833         12.455              0
      0.379667         12.455              0
        0.5695         12.455              0
      0.759333         12.455              0
      0.949167         12.455              0
         1.139         12.455              0
        -1.139          12.69              0
     -0.949167          12.69              0
     -0.759333          12.69              0
       -0.5695          12.69              0
     -0.379667          12.69              0
     -0.189833          12.69              0
             0          12.69              0
      0.189833          12.69              0
      0.379667          12.69              0
        0.5695          12.69              0
      0.759333          12.69              0
      0.949167          12.69              0
         1.139          12.69              0
        -1.139         12.925              0
     -0.949167         12.925              0
     -0.759333         12.925              0
       -0.5695         12.925              0
     -0.379667         12.925              0
     -0.189833         12.925              0
             0         12.925              0
      0.189833         12.925              0
      0.379667         12.925              0
        0.5695         12.925              0
      0.759333         12.925              0
      0.949167         12.925              0
         1.139         12.925              0
        -1.139          13.16              0
     -0.949167          13.16              0
     -0.759333          13.16              0
       -0.5695          13.16              0
     -0.379667          13.16              0
     -0.189833          13.16              0
             0          13.16              0
      0.189833          13.16              0
      0.379667          13.16              0
        0.5695          13.16              0
      0.759333          13.16              0
      0.949167          13.16              0
         1.139          13.16              0
        -1.139         13.395              0
     -0.949167         13.395              0
     -0.759333         13.395              0
       -0.5695         13.395              0
     -0.379667         13.395              0
     -0.189833         13.395              0
 -1.11022e-016         13.395              0
      0.189833         13.395              0
      0.379667         13.395              0
        0.5695         13.395              0
      0.759333         13.395              0
      0.949167         13.395              0
         1.139         13.395              0
        -1.139          13.63              0
     -0.949167          13.63              0
     -0.759333          13.63              0
       -0.5695          13.63              0
     -0.379667          13.63              0
     -0.189833          13.63              0
             0          13.63              0
      0.189833          13.63              0
      0.379667          13.63              0
        0.5695          13.63              0
      0.759333          13.63              0
      0.949167          13.63              0
         1.139          13.63              0
        -1.139         13.865              0
     -0.949167         13.865              0
     -0.759333         13.865              0
       -0.5695         13.865              0
     -0.379667         13.865              0
     -0.189833         13.865              0
 -2.22045e-016         13.865              0
      0.189833         13.865              0
      0.379667         13.865              0
        0.5695         13.865              0
      0.759333         13.865              0
      0.949167         13.865              0
         1.139         13.865              0
        -1.139           14.1              0
     -0.949167           14.1              0
     -0.759333           14.1              0
       -0.5695           14.1              0
     -0.379667           14.1              0
     -0.189833           14.1              0
             0           14.1              0
      0.189833           14.1              0
      0.379667           14.1              0
        0.5695           14.1              0
      0.759333           14.1              0
      0.949167           14.1              0
         1.139           14.1              0
        -1.139         14.335              0
     -0.949167         14.335              0
     -0.759333         14.335              0
       -0.5695         14.335              0
     -0.379667         14.335              0
     -0.189833         14.335              0
             0         14.335              0
      0.189833         14.335              0
      0.379667         14.335              0
        0.5695         14.335              0
      0.759333         14.335              0
      0.949167         14.335              0
         1.139         14.335              0
        -1.139          14.57              0
     -0.949167          14.57              0
     -0.759333          14.57              0
       -0.5695          14.57              0
     -0.379667          14.57              0
     -0.189833          14.57              0
             0          14.57              0
      0.189833          14.57              0
      0.379667          14.57              0
        0.5695          14.57              0
      0.759333          14.57              0
      0.949167          14.57              0
         1.139          14.57              0
        -1.139         14.805              0
     -0.949167         14.805              0
     -0.759333         14.805              0
       -0.5695         14.805              0
     -0.379667         14.805              0
     -0.189833         14.805              0
             0         14.805              0
      0.189833         14.805              0
      0.379667         14.805              0
        0.5695         14.805              0
      0.759333         14.805              0
      0.949167         14.805              0
         1.139         14.805              0
        -1.139          15.04              0
     -0.949167          15.04              0
     -0.759333          15.04              0
       -0.5695          15.04              0
     -0.379667          15.04              0
     -0.189833          15.04              0
             0          15.04              0
      0.189833          15.04              0
      0.379667          15.04              0
        0.5695          15.04              0
      0.759333          15.04              0
      0.949167          15.04              0
         1.139          15.04              0
        -1.139         15.275              0
     -0.949167         15.275              0
     -0.759333         15.275              0
       -0.5695         15.275              0
     -0.379667         15.275              0
     -0.189833         15.275              0
             0         15.275              0
      0.189833         15.275              0
      0.379667         15.275              0
        0.5695         15.275              0
      0.759333         15.275              0
      0.949167         15.275              0
         1.139         15.275              0
        -1.139          15.51              0
     -0.949167          15.51              0
     -0.759333          15.51              0
       -0.5695          15.51              0
     -0.379667          15.51              0
     -0.189833          15.51              0
 -2.22045e-016          15.51              0
      0.189833          15.51              0
      0.379667          15.51              0
        0.5695          15.51              0
      0.759333          15.51              0
      0.949167          15.51              0
         1.139          15.51              0
        -1.139         15.745              0
     -0.949167         15.745              0
     -0.759333         15.745              0
       -0.5695         15.745              0
     -0.379667         15.745              0
     -0.189833         15.745              0
             0         15.745              0
      0.189833         15.745              0
      0.379667         15.745              0
        0.5695         15.745              0
      0.759333         15.745              0
      0.949167         15.745              0
         1.139         15.745              0
        -1.139          15.98              0
     -0.949167          15.98              0
     -0.759333          15.98              0
       -0.5695          15.98              0
     -0.379667          15.98              0
     -0.189833          15.98              0
 -1.11022e-016          15.98              0
      0.189833          15.98              0
      0.379667          15.98              0
        0.5695          15.98              0
      0.759333          15.98              0
      0.949167          15.98              0
         1.139          15.98              0
        -1.139         16.215              0
     -0.949167         16.215              0
     -0.759333         16.215              0
       -0.5695         16.215              0
     -0.379667         16.215              0
     -0.189833         16.215              0
 -2.22045e-016         16.215              0
      0.189833         16.215              0
      0.379667         16.215              0
        0.5695         16.215              0
      0.759333         16.215              0
      0.949167         16.215              0
         1.139         16.215              0
        -1.139          16.45              0
     -0.949167          16.45              0
     -0.759333          16.45              0
       -0.5695          16.45              0
     -0.379667          16.45              0
     -0.189833          16.45              0
             0          16.45              0
      0.189833          16.45              0
      0.379667          16.45              0
        0.5695          16.45              0
      0.759333          16.45              0
      0.949167          16.45              0
         1.139          16.45              0
        -1.139         16.685              0
     -0.949167         16.685              0
     -0.759333         16.685              0
       -0.5695         16.685              0
     -0.379667         16.685              0
     -0.189833         16.685              0
             0         16.685              0
      0.189833         16.685              0
      0.379667         16.685              0
        0.5695         16.685              0
      0.759333         16.685              0
      0.949167         16.685              0
         1.139         16.685              0
        -1.139          16.92              0
     -0.949167          16.92              0
     -0.759333          16.92              0
       -0.5695          16.92              0
     -0.379667          16.92              0
     -0.189833          16.92              0
             0          16.92              0
      0.189833          16.92              0
      0.379667          16.92              0
        0.5695          16.92              0
      0.759333          16.92              0
      0.949167          16.92              0
         1.139          16.92              0
        -1.139         17.155              0
     -0.949167         17.155              0
     -0.759333         17.155              0
       -0.5695         17.155              0
     -0.379667         17.155              0
     -0.189833         17.155              0
             0         17.155              0
      0.189833         17.155              0
      0.379667         17.155              0
        0.5695         17.155              0
      0.759333         17.155              0
      0.949167         17.155              0
         1.139         17.155              0
        -1.139          17.39              0
     -0.949167          17.39              0
     -0.759333          17.39              0
       -0.5695          17.39              0
     -0.379667          17.39              0
     -0.189833          17.39              0
             0          17.39              0
      0.189833          17.39              0
      0.379667          17.39              0
        0.5695          17.39              0
      0.759333          17.39              0
      0.949167          17.39              0
         1.139          17.39              0
        -1.139         17.625              0
     -0.949167         17.625              0
     -0.759333         17.625              0
       -0.5695         17.625              0
     -0.379667         17.625              0
     -0.189833         17.625              0
             0         17.625              0
      0.189833         17.625              0
      0.379667         17.625              0
        0.5695         17.625              0
      0.759333         17.625              0
      0.949167         17.625              0
         1.139         17.625              0
        -1.139          17.86              0
     -0.949167          17.86              0
     -0.759333          17.86              0
       -0.5695          17.86              0
     -0.379667          17.86              0
     -0.189833          17.86              0
             0          17.86              0
      0.189833          17.86              0
      0.379667          17.86              0
        0.5695          17.86              0
      0.759333          17.86              0
      0.949167          17.86              0
         1.139          17.86              0
        -1.139         18.095              0
     -0.949167         18.095              0
     -0.759333         18.095              0
       -0.5695         18.095              0
     -0.379667         18.095              0
     -0.189833         18.095              0
             0         18.095              0
      0.189833         18.095              0
      0.379667         18.095              0
        0.5695         18.095              0
      0.759333         18.095              0
      0.949167         18.095              0
         1.139         18.095              0
        -1.139          18.33              0
     -0.949167          18.33              0
     -0.759333          18.33              0
       -0.5695          18.33              0
     -0.379667          18.33              0
     -0.189833          18.33              0
 -2.22045e-016          18.33              0
      0.189833          18.33              0
      0.379667          18.33              0
        0.5695          18.33              0
      0.759333          18.33              0
      0.949167          18.33              0
         1.139          18.33              0
        -1.139         18.565              0
     -0.949167         18.565              0
     -0.759333         18.565              0
       -0.5695         18.565              0
     -0.379667         18.565              0
     -0.189833         18.565              0
             0         18.565              0
      0.189833         18.565              0
      0.379667         18.565              0
        0.5695         18.565              0
      0.759333         18.565              0
      0.949167         18.565              0
         1.139         18.565              0
        -1.139           18.8              0
     -0.949167           18.8              0
     -0.759333           18.8              0
       -0.5695           18.8              0
     -0.379667           18.8              0
     -0.189833           18.8              0
             0           18.8              0
      0.189833           18.8              0
      0.379667           18.8              0
        0.5695           18.8              0
      0.759333           18.8              0
      0.949167           18.8              0
         1.139           18.8              0
        -1.139         19.035              0
     -0.949167         19.035              0
     -0.759333         19.035              0
       -0.5695         19.035              0
     -0.379667         19.035              0
     -0.189833         19.035              0
             0         19.035              0
      0.189833         19.035              0
      0.379667         19.035              0
        0.5695         19.035              0
      0.759333         19.035              0
      0.949167         19.035              0
         1.139         19.035              0
        -1.139          19.27              0
     -0.949167          19.27              0
     -0.759333          19.27              0
       -0.5695          19.27              0
     -0.379667          19.27              0
     -0.189833          19.27              0
             0          19.27              0
      0.189833          19.27              0
      0.379667          19.27              0
        0.5695          19.27              0
      0.759333          19.27              0
      0.949167          19.27              0
         1.139          19.27              0
        -1.139         19.505              0
     -0.949167         19.505              0
     -0.759333         19.505              0
       -0.5695         19.505              0
     -0.379667         19.505              0
     -0.189833         19.505              0
             0         19.505              0
      0.189833         19.505              0
      0.379667         19.505              0
        0.5695         19.505              0
      0.759333         19.505              0
      0.949167         19.505              0
         1.139         19.505              0
        -1.139          19.74              0
     -0.949167          19.74              0
     -0.759333          19.74              0
       -0.5695          19.74              0
     -0.379667          19.74              0
     -0.189833          19.74              0
 -2.22045e-016          19.74              0
      0.189833          19.74              0
      0.379667          19.74              0
        0.5695          19.74              0
      0.759333          19.74              0
      0.949167          19.74              0
         1.139          19.74              0
        -1.139         19.975              0
     -0.949167         19.975              0
     -0.759333         19.975              0
       -0.5695         19.975              0
     -0.379667         19.975              0
     -0.189833         19.975              0
             0         19.975              0
      0.189833         19.975              0
      0.379667         19.975              0
        0.5695         19.975              0
      0.759333         19.975              0
      0.949167         19.975              0
         1.139         19.975              0
        -1.139          20.21              0
     -0.949167          20.21              0
     -0.759333          20.21              0
       -0.5695          20.21              0
     -0.379667          20.21              0
     -0.189833          20.21              0
             0          20.21              0
      0.189833          20.21              0
      0.379667          20.21              0
        0.5695          20.21              0
      0.759333          20.21              0
      0.949167          20.21              0
         1.139          20.21              0
        -1.139         20.445              0
     -0.949167         20.445              0
     -0.759333         20.445              0
       -0.5695         20.445              0
     -0.379667         20.445              0
     -0.189833         20.445              0
             0         20.445              0
      0.189833         20.445              0
      0.379667         20.445              0
        0.5695         20.445              0
      0.759333         20.445              0
      0.949167         20.445              0
         1.139         20.445              0
        -1.139          20.68              0
     -0.949167          20.68              0
     -0.759333          20.68              0
       -0.5695          20.68              0
     -0.379667          20.68              0
     -0.189833          20.68              0
             0          20.68              0
      0.189833          20.68              0
      0.379667          20.68              0
        0.5695          20.68              0
      0.759333          20.68              0
      0.949167          20.68              0
         1.139          20.68              0
        -1.139         20.915              0
     -0.949167         20.915              0
     -0.759333         20.915              0
       -0.5695         20.915              0
     -0.379667         20.915              0
     -0.189833         20.915              0
 -2.22045e-016         20.915              0
      0.189833         20.915              0
      0.379667         20.915              0
        0.5695         20.915              0
      0.759333         20.915              0
      0.949167         20.915              0
         1.139         20.915              0
        -1.139          21.15              0
     -0.949167          21.15              0
     -0.759333          21.15              0
       -0.5695          21.15              0
     -0.379667          21.15              0
     -0.189833          21.15              0
             0          21.15              0
      0.189833          21.15              0
      0.379667          21.15              0
        0.5695          21.15              0
      0.759333          21.15              0
      0.949167          21.15              0
         1.139          21.15              0
        -1.139         21.385              0
     -0.949167         21.385              0
     -0.759333         21.385              0
       -0.5695         21.385              0
     -0.379667         21.385              0
     -0.189833         21.385              0
 -1.11022e-016         21.385              0
      0.189833         21.385              0
      0.379667         21.385              0
        0.5695         21.385              0
      0.759333         21.385              0
      0.949167         21.385              0
         1.139         21.385              0
        -1.139          21.62              0
     -0.949167          21.62              0
     -0.759333          21.62              0
       -0.5695          21.62              0
     -0.379667          21.62              0
     -0.189833          21.62              0
 -2.22045e-016          21.62              0
      0.189833          21.62              0
      0.379667          21.62              0
        0.5695          21.62              0
      0.759333          21.62              0
      0.949167          21.62              0
         1.139          21.62              0
        -1.139         21.855              0
     -0.949167         21.855              0
     -0.759333         21.855              0
       -0.5695         21.855              0
     -0.379667         21.855              0
     -0.189833         21.855              0
             0         21.855              0
      0.189833         21.855              0
      0.379667         21.855              0
        0.5695         21.855              0
      0.759333         21.855              0
      0.949167         21.855              0
         1.139         21.855              0
        -1.139          22.09              0
     -0.949167          22.09              0
     -0.759333          22.09              0
       -0.5695          22.09              0
     -0.379667          22.09              0
     -0.189833          22.09              0
             0          22.09              0
      0.189833          22.09              0
      0.379667          22.09              0
        0.5695          22.09              0
      0.759333          22.09              0
      0.949167          22.09              0
         1.139          22.09              0
        -1.139         22.325              0
     -0.949167         22.325              0
     -0.759333         22.325              0
       -0.5695         22.325              0
     -0.379667         22.325              0
     -0.189833         22.325              0
 -1.11022e-016         22.325              0
      0.189833         22.325              0
      0.379667         22.325              0
        0.5695         22.325              0
      0.759333         22.325              0
      0.949167         22.325              0
         1.139         22.325              0
        -1.139          22.56              0
     -0.949167          22.56              0
     -0.759333          22.56              0
       -0.5695          22.56              0
     -0.379667          22.56              0
     -0.189833          22.56              0
             0          22.56              0
      0.189833          22.56              0
      0.379667          22.56              0
        0.5695          22.56              0
      0.759333          22.56              0
      0.949167          22.56              0
         1.139          22.56              0
        -1.139         22.795              0
     -0.949167         22.795              0
     -0.759333         22.795              0
       -0.5695         22.795              0
     -0.379667         22.795              0
     -0.189833         22.795              0
             0         22.795              0
      0.189833         22.795              0
      0.379667         22.795              0
        0.5695         22.795              0
      0.759333         22.795              0
      0.949167         22.795              0
         1.139         22.795              0
        -1.139          23.03              0
     -0.949167          23.03              0
     -0.759333          23.03              0
       -0.5695          23.03              0
     -0.379667          23.03              0
     -0.189833          23.03              0
             0          23.03              0
      0.189833          23.03              0
      0.379667          23.03              0
        0.5695          23.03              0
      0.759333          23.03              0
      0.949167          23.03              0
         1.139          23.03              0
        -1.139         23.265              0
     -0.949167         23.265              0
     -0.759333         23.265              0
       -0.5695         23.265              0
     -0.379667         23.265              0
     -0.189833         23.265              0
             0         23.265              0
      0.189833         23.265              0
      0.379667         23.265              0
        0.5695         23.265              0
      0.759333         23.265              0
      0.949167         23.265              0
         1.139         23.265              0
        -1.139           23.5              0
     -0.949167           23.5              0
     -0.759333           23.5              0
       -0.5695           23.5              0
     -0.379667           23.5              0
     -0.189833           23.5              0
 -2.22045e-016           23.5              0
      0.189833           23.5              0
      0.379667           23.5              0
        0.5695           23.5              0
      0.759333           23.5              0
      0.949167           23.5              0
         1.139           23.5              0
        -1.139         23.735              0
     -0.949167         23.735              0
     -0.759333         23.735              0
       -0.5695         23.735              0
     -0.379667         23.735              0
     -0.189833         23.735              0
 -2.22045e-016         23.735              0
      0.189833         23.735              0
      0.379667         23.735              0
        0.5695         23.735              0
      0.759333         23.735              0
      0.949167         23.735              0
         1.139         23.735              0
        -1.139          23.97              0
     -0.949167          23.97              0
     -0.759333          23.97              0
       -0.5695          23.97              0
     -0.379667          23.97              0
     -0.189833          23.97              0
 -2.22045e-016          23.97              0
      0.189833          23.97              0
      0.379667          23.97              0
        0.5695          23.97              0
      0.759333          23.97              0
      0.949167          23.97              0
         1.139          23.97              0
        -1.139         24.205              0
     -0.949167         24.205              0
     -0.759333         24.205              0
       -0.5695         24.205              0
     -0.379667         24.205              0
     -0.189833         24.205              0
 -2.22045e-016         24.205              0
      0.189833         24.205              0
      0.379667         24.205              0
        0.5695         24.205              0
      0.759333         24.205              0
      0.949167         24.205              0
         1.139         24.205              0
        -1.139          24.44              0
     -0.949167          24.44              0
     -0.759333          24.44              0
       -0.5695          24.44              0
     -0.379667          24.44              0
     -0.189833          24.44              0
             0          24.44              0
      0.189833          24.44              0
      0.379667          24.44              0
        0.5695          24.44              0
      0.759333          24.44              0
      0.949167          24.44              0
         1.139          24.44              0
        -1.139         24.675              0
     -0.949167         24.675              0
     -0.759333         24.675              0
       -0.5695         24.675              0
     -0.379667         24.675              0
     -0.189833         24.675              0
             0         24.675              0
      0.189833         24.675              0
      0.379667         24.675              0
        0.5695         24.675              0
      0.759333         24.675              0
      0.949167         24.675              0
         1.139         24.675              0
        -1.139          24.91              0
     -0.949167          24.91              0
     -0.759333          24.91              0
       -0.5695          24.91              0
     -0.379667          24.91              0
     -0.189833          24.91              0
             0          24.91              0
      0.189833          24.91              0
      0.379667          24.91              0
        0.5695          24.91              0
      0.759333          24.91              0
      0.949167          24.91              0
         1.139          24.91              0
        -1.139         25.145              0
     -0.949167         25.145              0
     -0.759333         25.145              0
       -0.5695         25.145              0
     -0.379667         25.145              0
     -0.189833         25.145              0
             0         25.145              0
      0.189833         25.145              0
      0.379667         25.145              0
        0.5695         25.145              0
      0.759333         25.145              0
      0.949167         25.145              0
         1.139         25.145              0
        -1.139          25.38              0
     -0.949167          25.38              0
     -0.759333          25.38              0
       -0.5695          25.38              0
     -0.379667          25.38              0
     -0.189833          25.38              0
             0          25.38              0
      0.189833          25.38              0
      0.379667          25.38              0
        0.5695          25.38              0
      0.759333          25.38              0
      0.949167          25.38              0
         1.139          25.38              0
        -1.139         25.615              0
     -0.949167         25.615              0
     -0.759333         25.615              0
       -0.5695         25.615              0
     -0.379667         25.615              0
     -0.189833         25.615              0
 -2.22045e-016         25.615              0
      0.189833         25.615              0
      0.379667         25.615              0
        0.5695         25.615              0
      0.759333         25.615              0
      0.949167         25.615              0
         1.139         25.615              0
        -1.139          25.85              0
     -0.949167          25.85              0
     -0.759333          25.85              0
       -0.5695          25.85              0
     -0.379667          25.85              0
     -0.189833          25.85              0
 -2.22045e-016          25.85              0
      0.189833          25.85              0
      0.379667          25.85              0
        0.5695          25.85              0
      0.759333          25.85              0
      0.949167          25.85              0
         1.139          25.85              0
        -1.139         26.085              0
     -0.949167         26.085              0
     -0.759333         26.085              0
       -0.5695         26.085              0
     -0.379667         26.085              0
     -0.189833         26.085              0
 -2.22045e-016         26.085              0
      0.189833         26.085              0
      0.379667         26.085              0
        0.5695         26.085              0
      0.759333         26.085              0
      0.949167         26.085              0
         1.139         26.085              0
        -1.139          26.32              0
     -0.949167          26.32              0
     -0.759333          26.32              0
       -0.5695          26.32              0
     -0.379667          26.32              0
     -0.189833          26.32              0
 -2.22045e-016          26.32              0
      0.189833          26.32              0
      0.379667          26.32              0
        0.5695          26.32              0
      0.759333          26.32              0
      0.949167          26.32              0
         1.139          26.32              0
        -1.139         26.555              0
     -0.949167         26.555              0
     -0.759333         26.555              0
       -0.5695         26.555              0
     -0.379667         26.555              0
     -0.189833         26.555              0
 -2.22045e-016         26.555              0
      0.189833         26.555              0
      0.379667         26.555              0
        0.5695         26.555              0
      0.759333         26.555              0
      0.949167         26.555              0
         1.139         26.555              0
        -1.139          26.79              0
     -0.949167          26.79              0
     -0.759333          26.79              0
       -0.5695          26.79              0
     -0.379667          26.79              0
     -0.189833          26.79              0
 -2.22045e-016          26.79              0
      0.189833          26.79              0
      0.379667          26.79              0
        0.5695          26.79              0
      0.759333          26.79              0
      0.949167          26.79              0
         1.139          26.79              0
        -1.139         27.025              0
     -0.949167         27.025              0
     -0.759333         27.025              0
       -0.5695         27.025              0
     -0.379667         27.025              0
     -0.189833         27.025              0
 -2.22045e-016         27.025              0
      0.189833         27.025              0
      0.379667         27.025              0
        0.5695         27.025              0
      0.759333         27.025              0
      0.949167         27.025              0
         1.139         27.025              0
        -1.139          27.26              0
     -0.949167          27.26              0
     -0.759333          27.26              0
       -0.5695          27.26              0
     -0.379667          27.26              0
     -0.189833          27.26              0
 -2.22045e-016          27.26              0
      0.189833          27.26              0
      0.379667          27.26              0
        0.5695          27.26              0
      0.759333          27.26              0
      0.949167          27.26              0
         1.139          27.26              0
        -1.139         27.495              0
     -0.949167         27.495              0
     -0.759333         27.495              0
       -0.5695         27.495              0
     -0.379667         27.495              0
     -0.189833         27.495              0
 -2.22045e-016         27.495              0
      0.189833         27.495              0
      0.379667         27.495              0
        0.5695         27.495              0
      0.759333         27.495              0
      0.949167         27.495              0
         1.139         27.495              0
        -1.139          27.73              0
     -0.949167          27.73              0
     -0.759333          27.73              0
       -0.5695          27.73              0
     -0.379667          27.73              0
     -0.189833          27.73              0
 -2.22045e-016          27.73              0
      0.189833          27.73              0
      0.379667          27.73              0
        0.5695          27.73              0
      0.759333          27.73              0
      0.949167          27.73              0
         1.139          27.73              0
        -1.139         27.965              0
     -0.949167         27.965              0
     -0.759333         27.965              0
       -0.5695         27.965              0
     -0.379667         27.965              0
     -0.189833         27.965              0
 -2.22045e-016         27.965              0
      0.189833         27.965              0
      0.379667         27.965              0
        0.5695         27.965              0
      0.759333         27.965              0
      0.949167         27.965              0
         1.139         27.965              0
        -1.139           28.2              0
     -0.949167           28.2              0
     -0.759333           28.2              0
       -0.5695           28.2              0
     -0.379667           28.2              0
     -0.189833           28.2              0
 -6.66134e-016           28.2              0
      0.189833           28.2              0
      0.379667           28.2              0
        0.5695           28.2              0
      0.759333           28.2              0
      0.949167           28.2              0
         1.139           28.2              0
        -1.139         28.435              0
     -0.949167         28.435              0
     -0.759333         28.435              0
       -0.5695         28.435              0
     -0.379667         28.435              0
     -0.189833         28.435              0
             0         28.435              0
      0.189833         28.435              0
      0.379667         28.435              0
        0.5695         28.435              0
      0.759333         28.435              0
      0.949167         28.435              0
         1.139         28.435              0
        -1.139          28.67              0
     -0.949167          28.67              0
     -0.759333          28.67              0
       -0.5695          28.67              0
     -0.379667          28.67              0
     -0.189833          28.67              0
             0          28.67              0
      0.189833          28.67              0
      0.379667          28.67              0
        0.5695          28.67              0
      0.759333          28.67              0
      0.949167          28.67              0
         1.139          28.67              0
        -1.139         28.905              0
     -0.949167         28.905              0
     -0.759333         28.905              0
       -0.5695         28.905              0
     -0.379667         28.905              0
     -0.189833         28.905              0
             0         28.905              0
      0.189833         28.905              0
      0.379667         28.905              0
        0.5695         28.905              0
      0.759333         28.905              0
      0.949167         28.905              0
         1.139         28.905              0
        -1.139          29.14              0
     -0.949167          29.14              0
     -0.759333          29.14              0
       -0.5695          29.14              0
     -0.379667          29.14              0
     -0.189833          29.14              0
             0          29.14              0
      0.189833          29.14              0
      0.379667          29.14              0
        0.5695          29.14              0
      0.759333          29.14              0
      0.949167          29.14              0
         1.139          29.14              0
        -1.139         29.375              0
     -0.949167         29.375              0
     -0.759333         29.375              0
       -0.5695         29.375              0
     -0.379667         29.375              0
     -0.189833         29.375              0
             0         29.375              0
      0.189833         29.375              0
      0.379667         29.375              0
        0.5695         29.375              0
      0.759333         29.375              0
      0.949167         29.375              0
         1.139         29.375              0
        -1.139          29.61              0
     -0.949167          29.61              0
     -0.759333          29.61              0
       -0.5695          29.61              0
     -0.379667          29.61              0
     -0.189833          29.61              0
             0          29.61              0
      0.189833          29.61              0
      0.379667          29.61              0
        0.5695          29.61              0
      0.759333          29.61              0
      0.949167          29.61              0
         1.139          29.61              0
        -1.139         29.845              0
     -0.949167         29.845              0
     -0.759333         29.845              0
       -0.5695         29.845              0
     -0.379667         29.845              0
     -0.189833         29.845              0
             0         29.845              0
      0.189833         29.845              0
      0.379667         29.845              0
        0.5695         29.845              0
      0.759333         29.845              0
      0.949167         29.845              0
         1.139         29.845              0
        -1.139          30.08              0
     -0.949167          30.08              0
     -0.759333          30.08              0
       -0.5695          30.08              0
     -0.379667          30.08              0
     -0.189833          30.08              0
 -2.22045e-016          30.08              0
      0.189833          30.08              0
      0.379667          30.08              0
        0.5695          30.08              0
      0.759333          30.08              0
      0.949167          30.08              0
         1.139          30.08              0
        -1.139         30.315              0
     -0.949167         30.315              0
     -0.759333         30.315              0
       -0.5695         30.315              0
     -0.379667         30.315              0
     -0.189833         30.315              0
 -1.11022e-016         30.315              0
      0.189833         30.315              0
      0.379667         30.315              0
        0.5695         30.315              0
      0.759333         30.315              0
      0.949167         30.315              0
         1.139         30.315              0
        -1.139          30.55              0
     -0.949167          30.55              0
     -0.759333          30.55              0
       -0.5695          30.55              0
     -0.379667          30.55              0
     -0.189833          30.55              0
 -2.22045e-016          30.55              0
      0.189833          30.55              0
      0.379667          30.55              0
        0.5695          30.55              0
      0.759333          30.55              0
      0.949167          30.55              0
         1.139          30.55              0
        -1.139         30.785              0
     -0.949167         30.785              0
     -0.759333         30.785              0
       -0.5695         30.785              0
     -0.379667         30.785              0
     -0.189833         30.785              0
 -2.22045e-016         30.785              0
      0.189833         30.785              0
      0.379667         30.785              0
        0.5695         30.785              0
      0.759333         30.785              0
      0.949167         30.785              0
         1.139         30.785              0
        -1.139          31.02              0
     -0.949167          31.02              0
     -0.759333          31.02              0
       -0.5695          31.02              0
     -0.379667          31.02              0
     -0.189833          31.02              0
 -2.22045e-016          31.02              0
      0.189833          31.02              0
      0.379667          31.02              0
        0.5695          31.02              0
      0.759333          31.02              0
      0.949167          31.02              0
         1.139          31.02              0
        -1.139         31.255              0
     -0.949167         31.255              0
     -0.759333         31.255              0
       -0.5695         31.255              0
     -0.379667         31.255              0
     -0.189833         31.255              0
 -2.22045e-016         31.255              0
      0.189833         31.255              0
      0.379667         31.255              0
        0.5695         31.255              0
      0.759333         31.255              0
      0.949167         31.255              0
         1.139         31.255              0
        -1.139          31.49              0
     -0.949167          31.49              0
     -0.759333          31.49              0
       -0.5695          31.49              0
     -0.379667          31.49              0
     -0.189833          31.49              0
 -2.22045e-016          31.49              0
      0.189833          31.49              0
      0.379667          31.49              0
        0.5695          31.49              0
      0.759333          31.49              0
      0.949167          31.49              0
         1.139          31.49              0
        -1.139         31.725              0
     -0.949167         31.725              0
     -0.759333         31.725              0
       -0.5695         31.725              0
     -0.379667         31.725              0
     -0.189833         31.725              0
             0         31.725              0
      0.189833         31.725              0
      0.379667         31.725              0
        0.5695         31.725              0
      0.759333         31.725              0
      0.949167         31.725              0
         1.139         31.725              0
        -1.139          31.96              0
     -0.949167          31.96              0
     -0.759333          31.96              0
       -0.5695          31.96              0
     -0.379667          31.96              0
     -0.189833          31.96              0
             0          31.96              0
      0.189833          31.96              0
      0.379667          31.96              0
        0.5695          31.96              0
      0.759333          31.96              0
      0.949167          31.96              0
         1.139          31.96              0
        -1.139         32.195              0
     -0.949167         32.195              0
     -0.759333         32.195              0
       -0.5695         32.195              0
     -0.379667         32.195              0
     -0.189833         32.195              0
             0         32.195              0
      0.189833         32.195              0
      0.379667         32.195              0
        0.5695         32.195              0
      0.759333         32.195              0
      0.949167         32.195              0
         1.139         32.195              0
        -1.139          32.43              0
     -0.949167          32.43              0
     -0.759333          32.43              0
       -0.5695          32.43              0
     -0.379667          32.43              0
     -0.189833          32.43              0
             0          32.43              0
      0.189833          32.43              0
      0.379667          32.43              0
        0.5695          32.43              0
      0.759333          32.43              0
      0.949167          32.43              0
         1.139          32.43              0
        -1.139         32.665              0
     -0.949167         32.665              0
     -0.759333         32.665              0
       -0.5695         32.665              0
     -0.379667         32.665              0
     -0.189833         32.665              0
 -2.22045e-016         32.665              0
      0.189833         32.665              0
      0.379667         32.665              0
        0.5695         32.665              0
      0.759333         32.665              0
      0.949167         32.665              0
         1.139         32.665              0
        -1.139           32.9              0
     -0.949167           32.9              0
     -0.759333           32.9              0
       -0.5695           32.9              0
     -0.379667           32.9              0
     -0.189833           32.9              0
 -2.22045e-016           32.9              0
      0.189833           32.9              0
      0.379667           32.9              0
        0.5695           32.9              0
      0.759333           32.9              0
      0.949167           32.9              0
         1.139           32.9              0
        -1.139         33.135              0
     -0.949167         33.135              0
     -0.759333         33.135              0
       -0.5695         33.135              0
     -0.379667         33.135              0
     -0.189833         33.135              0
             0         33.135              0
      0.189833         33.135              0
      0.379667         33.135              0
        0.5695         33.135              0
      0.759333         33.135              0
      0.949167         33.135              0
         1.139         33.135              0
        -1.139          33.37              0
     -0.949167          33.37              0
     -0.759333          33.37              0
       -0.5695          33.37              0
     -0.379667          33.37              0
     -0.189833          33.37              0
             0          33.37              0
      0.189833          33.37              0
      0.379667          33.37              0
        0.5695          33.37              0
      0.759333          33.37              0
      0.949167          33.37              0
         1.139          33.37              0
        -1.139         33.605              0
     -0.949167         33.605              0
     -0.759333         33.605              0
       -0.5695         33.605              0
     -0.379667         33.605              0
     -0.189833         33.605              0
             0         33.605              0
      0.189833         33.605              0
      0.379667         33.605              0
        0.5695         33.605              0
      0.759333         33.605              0
      0.949167         33.605              0
         1.139         33.605              0
        -1.139          33.84              0
     -0.949167          33.84              0
     -0.759333          33.84              0
       -0.5695          33.84              0
     -0.379667          33.84              0
     -0.189833          33.84              0
             0          33.84              0
      0.189833          33.84              0
      0.379667          33.84              0
        0.5695          33.84              0
      0.759333          33.84              0
      0.949167          33.84              0
         1.139          33.84              0
        -1.139         34.075              0
     -0.949167         34.075              0
     -0.759333         34.075              0
       -0.5695         34.075              0
     -0.379667         34.075              0
     -0.189833         34.075              0
             0         34.075              0
      0.189833         34.075              0
      0.379667         34.075              0
        0.5695         34.075              0
      0.759333         34.075              0
      0.949167         34.075              0
         1.139         34.075              0
        -1.139          34.31              0
     -0.949167          34.31              0
     -0.759333          34.31              0
       -0.5695          34.31              0
     -0.379667          34.31              0
     -0.189833          34.31              0
             0          34.31              0
      0.189833          34.31              0
      0.379667          34.31              0
        0.5695          34.31              0
      0.759333          34.31              0
      0.949167          34.31              0
         1.139          34.31              0
        -1.139         34.545              0
     -0.949167         34.545              0
     -0.759333         34.545              0
       -0.5695         34.545              0
     -0.379667         34.545              0
     -0.189833         34.545              0
             0         34.545              0
      0.189833         34.545              0
      0.379667         34.545              0
        0.5695         34.545              0
      0.759333         34.545              0
      0.949167         34.545              0
         1.139         34.545              0
        -1.139          34.78              0
     -0.949167          34.78              0
     -0.759333          34.78              0
       -0.5695          34.78              0
     -0.379667          34.78              0
     -0.189833          34.78              0
             0          34.78              0
      0.189833          34.78              0
      0.379667          34.78              0
        0.5695          34.78              0
      0.759333          34.78              0
      0.949167          34.78              0
         1.139          34.78              0
        -1.139         35.015              0
     -0.949167         35.015              0
     -0.759333         35.015              0
       -0.5695         35.015              0
     -0.379667         35.015              0
     -0.189833         35.015              0
 -2.22045e-016         35.015              0
      0.189833         35.015              0
      0.379667         35.015              0
        0.5695         35.015              0
      0.759333         35.015              0
      0.949167         35.015              0
         1.139         35.015              0
        -1.139          35.25              0
     -0.949167          35.25              0
     -0.759333          35.25              0
       -0.5695          35.25              0
     -0.379667          35.25              0
     -0.189833          35.25              0
 -2.22045e-016          35.25              0
      0.189833          35.25              0
      0.379667          35.25              0
        0.5695          35.25              0
      0.759333          35.25              0
      0.949167          35.25              0
         1.139          35.25              0
        -1.139         35.485              0
     -0.949167         35.485              0
     -0.759333         35.485              0
       -0.5695         35.485              0
     -0.379667         35.485              0
     -0.189833         35.485              0
 -2.22045e-016         35.485              0
      0.189833         35.485              0
      0.379667         35.485              0
        0.5695         35.485              0
      0.759333         35.485              0
      0.949167         35.485              0
         1.139         35.485              0
        -1.139          35.72              0
     -0.949167          35.72              0
     -0.759333          35.72              0
       -0.5695          35.72              0
     -0.379667          35.72              0
     -0.189833          35.72              0
             0          35.72              0
      0.189833          35.72              0
      0.379667          35.72              0
        0.5695          35.72              0
      0.759333          35.72              0
      0.949167          35.72              0
         1.139          35.72              0
        -1.139         35.955              0
     -0.949167         35.955              0
     -0.759333         35.955              0
       -0.5695         35.955              0
     -0.379667         35.955              0
     -0.189833         35.955              0
             0         35.955              0
      0.189833         35.955              0
      0.379667         35.955              0
        0.5695         35.955              0
      0.759333         35.955              0
      0.949167         35.955              0
         1.139         35.955              0
        -1.139          36.19              0
     -0.949167          36.19              0
     -0.759333          36.19              0
       -0.5695          36.19              0
     -0.379667          36.19              0
     -0.189833          36.19              0
             0          36.19              0
      0.189833          36.19              0
      0.379667          36.19              0
        0.5695          36.19              0
      0.759333          36.19              0
      0.949167          36.19              0
         1.139          36.19              0
        -1.139         36.425              0
     -0.949167         36.425              0
     -0.759333         36.425              0
       -0.5695         36.425              0
     -0.379667         36.425              0
     -0.189833         36.425              0
             0         36.425              0
      0.189833         36.425              0
      0.379667         36.425              0
        0.5695         36.425              0
      0.759333         36.425              0
      0.949167         36.425              0
         1.139         36.425              0
        -1.139          36.66              0
     -0.949167          36.66              0
     -0.759333          36.66              0
       -0.5695          36.66              0
     -0.379667          36.66              0
     -0.189833          36.66              0
 -2.22045e-016          36.66              0
      0.189833          36.66              0
      0.379667          36.66              0
        0.5695          36.66              0
      0.759333          36.66              0
      0.949167          36.66              0
         1.139          36.66              0
        -1.139         36.895              0
     -0.949167         36.895              0
     -0.759333         36.895              0
       -0.5695         36.895              0
     -0.379667         36.895              0
     -0.189833         36.895              0
             0         36.895              0
      0.189833         36.895              0
      0.379667         36.895              0
        0.5695         36.895              0
      0.759333         36.895              0
      0.949167         36.895              0
         1.139         36.895              0
        -1.139          37.13              0
     -0.949167          37.13              0
     -0.759333          37.13              0
       -0.5695          37.13              0
     -0.379667          37.13              0
     -0.189833          37.13              0
 -2.22045e-016          37.13              0
      0.189833          37.13              0
      0.379667          37.13              0
        0.5695          37.13              0
      0.759333          37.13              0
      0.949167          37.13              0
         1.139          37.13              0
        -1.139         37.365              0
     -0.949167         37.365              0
     -0.759333         37.365              0
       -0.5695         37.365              0
     -0.379667         37.365              0
     -0.189833         37.365              0
 -2.22045e-016         37.365              0
      0.189833         37.365              0
      0.379667         37.365              0
        0.5695         37.365              0
      0.759333         37.365              0
      0.949167         37.365              0
         1.139         37.365              0
        -1.139           37.6              0
     -0.949167           37.6              0
     -0.759333           37.6              0
       -0.5695           37.6              0
     -0.379667           37.6              0
     -0.189833           37.6              0
 -2.22045e-016           37.6              0
      0.189833           37.6              0
      0.379667           37.6              0
        0.5695           37.6              0
      0.759333           37.6              0
      0.949167           37.6              0
         1.139           37.6              0
        -1.139         37.835              0
     -0.949167         37.835              0
     -0.759333         37.835              0
       -0.5695         37.835              0
     -0.379667         37.835              0
     -0.189833         37.835              0
 -2.22045e-016         37.835              0
      0.189833         37.835              0
      0.379667         37.835              0
        0.5695         37.835              0
      0.759333         37.835              0
      0.949167         37.835              0
         1.139         37.835              0
        -1.139          38.07              0
     -0.949167          38.07              0
     -0.759333          38.07              0
       -0.5695          38.07              0
     -0.379667          38.07              0
     -0.189833          38.07              0
 -2.22045e-016          38.07              0
      0.189833          38.07              0
      0.379667          38.07              0
        0.5695          38.07              0
      0.759333          38.07              0
      0.949167          38.07              0
         1.139          38.07              0
        -1.139         38.305              0
     -0.949167         38.305              0
     -0.759333         38.305              0
       -0.5695         38.305              0
     -0.379667         38.305              0
     -0.189833         38.305              0
 -3.81917e-014         38.305              0
      0.189833         38.305              0
      0.379667         38.305              0
        0.5695         38.305              0
      0.759333         38.305              0
      0.949167         38.305              0
         1.139         38.305              0
        -1.139          38.54              0
     -0.949167          38.54              0
     -0.759333          38.54              0
       -0.5695          38.54              0
     -0.379667          38.54              0
     -0.189833          38.54              0
 -2.22045e-016          38.54              0
      0.189833          38.54              0
      0.379667          38.54              0
        0.5695          38.54              0
      0.759333          38.54              0
      0.949167          38.54              0
         1.139          38.54              0
        -1.139         38.775              0
     -0.949167         38.775              0
     -0.759333         38.775              0
       -0.5695         38.775              0
     -0.379667         38.775              0
     -0.189833         38.775              0
             0         38.775              0
      0.189833         38.775              0
      0.379667         38.775              0
        0.5695         38.775              0
      0.759333         38.775              0
      0.949167         38.775              0
         1.139         38.775              0
        -1.139          39.01              0
     -0.949167          39.01              0
     -0.759333          39.01              0
       -0.5695          39.01              0
     -0.379667          39.01              0
     -0.189833          39.01              0
 -2.22045e-016          39.01              0
      0.189833          39.01              0
      0.379667          39.01              0
        0.5695          39.01              0
      0.759333          39.01              0
      0.949167          39.01              0
         1.139          39.01              0
        -1.139         39.245              0
     -0.949167         39.245              0
     -0.759333         39.245              0
       -0.5695         39.245              0
     -0.379667         39.245              0
     -0.189833         39.245              0
 -2.22045e-016         39.245              0
      0.189833         39.245              0
      0.379667         39.245              0
        0.5695         39.245              0
      0.759333         39.245              0
      0.949167         39.245              0
         1.139         39.245              0
        -1.139          39.48              0
     -0.949167          39.48              0
     -0.759333          39.48              0
       -0.5695          39.48              0
     -0.379667          39.48              0
     -0.189833          39.48              0
 -3.81917e-014          39.48              0
      0.189833          39.48              0
      0.379667          39.48              0
        0.5695          39.48              0
      0.759333          39.48              0
      0.949167          39.48              0
         1.139          39.48              0
        -1.139         39.715              0
     -0.949167         39.715              0
     -0.759333         39.715              0
       -0.5695         39.715              0
     -0.379667         39.715              0
     -0.189833         39.715              0
 -2.22045e-016         39.715              0
      0.189833         39.715              0
      0.379667         39.715              0
        0.5695         39.715              0
      0.759333         39.715              0
      0.949167         39.715              0
         1.139         39.715              0
        -1.139          39.95              0
     -0.949167          39.95              0
     -0.759333          39.95              0
       -0.5695          39.95              0
     -0.379667          39.95              0
     -0.189833          39.95              0
 -3.77476e-014          39.95              0
      0.189833          39.95              0
      0.379667          39.95              0
        0.5695          39.95              0
      0.759333          39.95              0
      0.949167          39.95              0
         1.139          39.95              0
        -1.139         40.185              0
     -0.949167         40.185              0
     -0.759333         40.185              0
       -0.5695         40.185              0
     -0.379667         40.185              0
     -0.189833         40.185              0
             0         40.185              0
      0.189833         40.185              0
      0.379667         40.185              0
        0.5695         40.185              0
      0.759333         40.185              0
      0.949167         40.185              0
         1.139         40.185              0
        -1.139          40.42              0
     -0.949167          40.42              0
     -0.759333          40.42              0
       -0.5695          40.42              0
     -0.379667          40.42              0
     -0.189833          40.42              0
             0          40.42              0
      0.189833          40.42              0
      0.379667          40.42              0
        0.5695          40.42              0
      0.759333          40.42              0
      0.949167          40.42              0
         1.139          40.42              0
        -1.139         40.655              0
     -0.949167         40.655              0
     -0.759333         40.655              0
       -0.5695         40.655              0
     -0.379667         40.655              0
     -0.189833         40.655              0
             0         40.655              0
      0.189833         40.655              0
      0.379667         40.655              0
        0.5695         40.655              0
      0.759333         40.655              0
      0.949167         40.655              0
         1.139         40.655              0
        -1.139          40.89              0
     -0.949167          40.89              0
     -0.759333          40.89              0
       -0.5695          40.89              0
     -0.379667          40.89              0
     -0.189833          40.89              0
             0          40.89              0
      0.189833          40.89              0
      0.379667          40.89              0
        0.5695          40.89              0
      0.759333          40.89              0
      0.949167          40.89              0
         1.139          40.89              0
        -1.139         41.125              0
     -0.949167         41.125              0
     -0.759333         41.125              0
       -0.5695         41.125              0
     -0.379667         41.125              0
     -0.189833         41.125              0
 -2.22045e-016         41.125              0
      0.189833         41.125              0
      0.379667         41.125              0
        0.5695         41.125              0
      0.759333         41.125              0
      0.949167         41.125              0
         1.139         41.125              0
        -1.139          41.36              0
     -0.949167          41.36              0
     -0.759333          41.36              0
       -0.5695          41.36              0
     -0.379667          41.36              0
     -0.189833          41.36              0
 -2.22045e-016          41.36              0
      0.189833          41.36              0
      0.379667          41.36              0
        0.5695          41.36              0
      0.759333          41.36              0
      0.949167          41.36              0
         1.139          41.36              0
        -1.139         41.595              0
     -0.949167         41.595              0
     -0.759333         41.595              0
       -0.5695         41.595              0
     -0.379667         41.595              0
     -0.189833         41.595              0
             0         41.595              0
      0.189833         41.595              0
      0.379667         41.595              0
        0.5695         41.595              0
      0.759333         41.595              0
      0.949167         41.595              0
         1.139         41.595              0
        -1.139          41.83              0
     -0.949167          41.83              0
     -0.759333          41.83              0
       -0.5695          41.83              0
     -0.379667          41.83              0
     -0.189833          41.83              0
             0          41.83              0
      0.189833          41.83              0
      0.379667          41.83              0
        0.5695          41.83              0
      0.759333          41.83              0
      0.949167          41.83              0
         1.139          41.83              0
        -1.139         42.065              0
     -0.949167         42.065              0
     -0.759333         42.065              0
       -0.5695         42.065              0
     -0.379667         42.065              0
     -0.189833         42.065              0
             0         42.065              0
      0.189833         42.065              0
      0.379667         42.065              0
        0.5695         42.065              0
      0.759333         42.065              0
      0.949167         42.065              0
         1.139         42.065              0
        -1.139           42.3              0
     -0.949167           42.3              0
     -0.759333           42.3              0
       -0.5695           42.3              0
     -0.379667           42.3              0
     -0.189833           42.3              0
             0           42.3              0
      0.189833           42.3              0
      0.379667           42.3              0
        0.5695           42.3              0
      0.759333           42.3              0
      0.949167           42.3              0
         1.139           42.3              0
        -1.139         42.535              0
     -0.949167         42.535              0
     -0.759333         42.535              0
       -0.5695         42.535              0
     -0.379667         42.535              0
     -0.189833         42.535              0
             0         42.535              0
      0.189833         42.535              0
      0.379667         42.535              0
        0.5695         42.535              0
      0.759333         42.535              0
      0.949167         42.535              0
         1.139         42.535              0
        -1.139          42.77              0
     -0.949167          42.77              0
     -0.759333          42.77              0
       -0.5695          42.77              0
     -0.379667          42.77              0
     -0.189833          42.77              0
             0          42.77              0
      0.189833          42.77              0
      0.379667          42.77              0
        0.5695          42.77              0
      0.759333          42.77              0
      0.949167          42.77              0
         1.139          42.77              0
        -1.139         43.005              0
     -0.949167         43.005              0
     -0.759333         43.005              0
       -0.5695         43.005              0
     -0.379667         43.005              0
     -0.189833         43.005              0
             0         43.005              0
      0.189833         43.005              0
      0.379667         43.005              0
        0.5695         43.005              0
      0.759333         43.005              0
      0.949167         43.005              0
         1.139         43.005              0
        -1.139          43.24              0
     -0.949167          43.24              0
     -0.759333          43.24              0
       -0.5695          43.24              0
     -0.379667          43.24              0
     -0.189833          43.24              0
             0          43.24              0
      0.189833          43.24              0
      0.379667          43.24              0
        0.5695          43.24              0
      0.759333          43.24              0
      0.949167          43.24              0
         1.139          43.24              0
        -1.139         43.475              0
     -0.949167         43.475              0
     -0.759333         43.475              0
       -0.5695         43.475              0
     -0.379667         43.475              0
     -0.189833         43.475              0
             0         43.475              0
      0.189833         43.475              0
      0.379667         43.475              0
        0.5695         43.475              0
      0.759333         43.475              0
      0.949167         43.475              0
         1.139         43.475              0
        -1.139          43.71              0
     -0.949167          43.71              0
     -0.759333          43.71              0
       -0.5695          43.71              0
     -0.379667          43.71              0
     -0.189833          43.71              0
             0          43.71              0
      0.189833          43.71              0
      0.379667          43.71              0
        0.5695          43.71              0
      0.759333          43.71              0
      0.949167          43.71              0
         1.139          43.71              0
        -1.139         43.945              0
     -0.949167         43.945              0
     -0.759333         43.945              0
       -0.5695         43.945              0
     -0.379667         43.945              0
     -0.189833         43.945              0
             0         43.945              0
      0.189833         43.945              0
      0.379667         43.945              0
        0.5695         43.945              0
      0.759333         43.945              0
      0.949167         43.945              0
         1.139         43.945              0
        -1.139          44.18              0
     -0.949167          44.18              0
     -0.759333          44.18              0
       -0.5695          44.18              0
     -0.379667          44.18              0
     -0.189833          44.18              0
             0          44.18              0
      0.189833          44.18              0
      0.379667          44.18              0
        0.5695          44.18              0
      0.759333          44.18              0
      0.949167          44.18              0
         1.139          44.18              0
        -1.139         44.415              0
     -0.949167         44.415              0
     -0.759333         44.415              0
       -0.5695         44.415              0
     -0.379667         44.415              0
     -0.189833         44.415              0
             0         44.415              0
      0.189833         44.415              0
      0.379667         44.415              0
        0.5695         44.415              0
      0.759333         44.415              0
      0.949167         44.415              0
         1.139         44.415              0
        -1.139          44.65              0
     -0.949167          44.65              0
     -0.759333          44.65              0
       -0.5695          44.65              0
     -0.379667          44.65              0
     -0.189833          44.65              0
 -2.22045e-016          44.65              0
      0.189833          44.65              0
      0.379667          44.65              0
        0.5695          44.65              0
      0.759333          44.65              0
      0.949167          44.65              0
         1.139          44.65              0
        -1.139         44.885              0
     -0.949167         44.885              0
     -0.759333         44.885              0
       -0.5695         44.885              0
     -0.379667         44.885              0
     -0.189833         44.885              0
 -2.22045e-016         44.885              0
      0.189833         44.885              0
      0.379667         44.885              0
        0.5695         44.885              0
      0.759333         44.885              0
      0.949167         44.885              0
         1.139         44.885              0
        -1.139          45.12              0
     -0.949167          45.12              0
     -0.759333          45.12              0
       -0.5695          45.12              0
     -0.379667          45.12              0
     -0.189833          45.12              0
             0          45.12              0
      0.189833          45.12              0
      0.379667          45.12              0
        0.5695          45.12              0
      0.759333          45.12              0
      0.949167          45.12              0
         1.139          45.12              0
        -1.139         45.355              0
     -0.949167         45.355              0
     -0.759333         45.355              0
       -0.5695         45.355              0
     -0.379667         45.355              0
     -0.189833         45.355              0
 -3.81917e-014         45.355              0
      0.189833         45.355              0
      0.379667         45.355              0
        0.5695         45.355              0
      0.759333         45.355              0
      0.949167         45.355              0
         1.139         45.355              0
        -1.139          45.59              0
     -0.949167          45.59              0
     -0.759333          45.59              0
       -0.5695          45.59              0
     -0.379667          45.59              0
     -0.189833          45.59              0
 -2.22045e-016          45.59              0
      0.189833          45.59              0
      0.379667          45.59              0
        0.5695          45.59              0
      0.759333          45.59              0
      0.949167          45.59              0
         1.139          45.59              0
        -1.139         45.825              0
     -0.949167         45.825              0
     -0.759333         45.825              0
       -0.5695         45.825              0
     -0.379667         45.825              0
     -0.189833         45.825              0
             0         45.825              0
      0.189833         45.825              0
      0.379667         45.825              0
        0.5695         45.825              0
      0.759333         45.825              0
      0.949167         45.825              0
         1.139         45.825              0
        -1.139          46.06              0
     -0.949167          46.06              0
     -0.759333          46.06              0
       -0.5695          46.06              0
     -0.379667          46.06              0
     -0.189833          46.06              0
             0          46.06              0
      0.189833          46.06              0
      0.379667          46.06              0
        0.5695          46.06              0
      0.759333          46.06              0
      0.949167          46.06              0
         1.139          46.06              0
        -1.139         46.295              0
     -0.949167         46.295              0
     -0.759333         46.295              0
       -0.5695         46.295              0
     -0.379667         46.295              0
     -0.189833         46.295              0
             0         46.295              0
      0.189833         46.295              0
      0.379667         46.295              0
        0.5695         46.295              0
      0.759333         46.295              0
      0.949167         46.295              0
         1.139         46.295              0
        -1.139          46.53              0
     -0.949167          46.53              0
     -0.759333          46.53              0
       -0.5695          46.53              0
     -0.379667          46.53              0
     -0.189833          46.53              0
             0          46.53              0
      0.189833          46.53              0
      0.379667          46.53              0
        0.5695          46.53              0
      0.759333          46.53              0
      0.949167          46.53              0
         1.139          46.53              0
        -1.139         46.765              0
     -0.949167         46.765              0
     -0.759333         46.765              0
       -0.5695         46.765              0
     -0.379667         46.765              0
     -0.189833         46.765              0
             0         46.765              0
      0.189833         46.765              0
      0.379667         46.765              0
        0.5695         46.765              0
      0.759333         46.765              0
      0.949167         46.765              0
         1.139         46.765              0
        -1.139             47              0
     -0.949167             47              0
     -0.759333             47              0
       -0.5695             47              0
     -0.379667             47              0
     -0.189833             47              0
             0             47              0
      0.189833             47              0
      0.379667             47              0
        0.5695             47              0
      0.759333             47              0
      0.949167             47              0
         1.139             47              0