    2612    2599    2600    2613  0 0 0 0
    2611    2598    2599    2612  0 0 0 0
    2610    2597    2598    2611  0 0 0 0
    2609    2596    2597    2610  0 0 0 0
    2608    2595    2596    2609  0 0 0 0
    2607    2594    2595    2608  0 0 0 0
    2606    2593    2594    2607  0 0 0 0
    2605    2592    2593    2606  0 0 0 0
    2604    2591    2592    2605  0 0 0 0
    2603    2590    2591    2604  0 0 0 0
    2602    2589    2590    2603  0 0 0 0
    2601    2588    2589    2602  0 0 0 0
    2599    2586    2587    2600  0 0 0 0
    2598    2585    2586    2599  0 0 0 0
    2597    2584    2585    2598  0 0 0 0
    2596    2583    2584    2597  0 0 0 0
    2595    2582    2583    2596  0 0 0 0
    2594    2581    2582    2595  0 0 0 0
    2593    2580    2581    2594  0 0 0 0
    2592    2579    2580    2593  0 0 0 0
    2591    2578    2579    2592  0 0 0 0
    2590    2577    2578    2591  0 0 0 0
    2589    2576    2577    2590  0 0 0 0
    2588    2575    2576    2589  0 0 0 0
    2586    2573    2574    2587  0 0 0 0
    2585    2572    2573    2586  0 0 0 0
    2584    2571    2572    2585  0 0 0 0
    2583    2570    2571    2584  0 0 0 0
    2582    2569    2570    2583  0 0 0 0
    2581    2568    2569    2582  0 0 0 0
    2580    2567    2568    2581  0 0 0 0
    2579    2566    2567    2580  0 0 0 0
    2578    2565    2566    2579  0 0 0 0
    2577    2564    2565    2578  0 0 0 0
    2576    2563    2564    2577  0 0 0 0
    2575    2562    2563    2576  0 0 0 0
    2573    2560    2561    2574  0 0 0 0
    2572    2559    2560    2573  0 0 0 0
    2571    2558    2559    2572  0 0 0 0
    2570    2557    2558    2571  0 0 0 0
    2569    2556    2557    2570  0 0 0 0
    2568    2555    2556    2569  0 0 0 0
    2567    2554    2555    2568  0 0 0 0
    2566    2553    2554    2567  0 0 0 0
    2565    2552    2553    2566  0 0 0 0
    2564    2551    2552    2565  0 0 0 0
    2563    2550    2551    2564  0 0 0 0
    2562    2549    2550    2563  0 0 0 0
    2560    2547    2548    2561  0 0 0 0
    2559    2546    2547    2560  0 0 0 0
    2558    2545    2546    2559  0 0 0 0
    2557    2544    2545    2558  0 0 0 0
    2556    2543    2544    2557  0 0 0 0
    2555    2542    2543    2556  0 0 0 0
    2554    2541    2542    2555  0 0 0 0
    2553    2540    2541    2554  0 0 0 0
    2552    2539    2540    2553  0 0 0 0
    2551    2538    2539    2552  0 0 0 0
    2550    2537    2538    2551  0 0 0 0
    2549    2536    2537    2550  0 0 0 0
    2547    2534    2535    2548  0 0 0 0
    2546    2533    2534    2547  0 0 0 0
    2545    2532    2533    2546  0 0 0 0
    2544    2531    2532    2545  0 0 0 0
    2543    2530    2531    2544  0 0 0 0
    2542    2529    2530    2543  0 0 0 0
    2541    2528    2529    2542  0 0 0 0
    2540    2527    2528    2541  0 0 0 0
    2539    2526    2527    2540  0 0 0 0
    2538    2525    2526    2539  0 0 0 0
    2537    2524    2525    2538  0 0 0 0
    2536    2523    2524    2537  0 0 0 0
    2534    2521    2522    2535  0 0 0 0
    2533    2520    2521    2534  0 0 0 0
    2532    2519    2520    2533  0 0 0 0
    2531    2518    2519    2532  0 0 0 0
    2530    2517    2518    2531  0 0 0 0
    2529    2516    2517    2530  0 0 0 0
    2528    2515    2516    2529  0 0 0 0
    2527    2514    2515    2528  0 0 0 0
    2526    2513    2514    2527  0 0 0 0
    2525    2512    2513    2526  0 0 0 0
    2524    2511    2512    2525  0 0 0 0
    2523    2510    2511    2524  0 0 0 0
    2521    2508    2509    2522  0 0 0 0
    2520    2507    2508    2521  0 0 0 0
    2519    2506    2507    2520  0 0 0 0
    2518    2505    2506    2519  0 0 0 0
    2517    2504    2505    2518  0 0 0 0
    2516    2503    2504    2517  0 0 0 0
    2515    2502    2503    2516  0 0 0 0
    2514    2501    2502    2515  0 0 0 0
    2513    2500    2501    2514  0 0 0 0
    2512    2499    2500    2513  0 0 0 0
    2511    2498    2499    2512  0 0 0 0
    2510    2497    2498    2511  0 0 0 0
    2508    2495    2496    2509  0 0 0 0
    2507    2494    2495    2508  0 0 0 0
    2506    2493    2494    2507  0 0 0 0
    2505    2492    2493    2506  0 0 0 0
    2504    2491    2492    2505  0 0 0 0
    2503    2490    2491    2504  0 0 0 0
    2502    2489    2490    2503  0 0 0 0
    2501    2488    2489    2502  0 0 0 0
    2500    2487    2488    2501  0 0 0 0
    2499    2486    2487    2500  0 0 0 0
    2498    2485    2486    2499  0 0 0 0
    2497    2484    2485    2498  0 0 0 0
    2495    2482    2483    2496  0 0 0 0
    2494    2481    2482    2495  0 0 0 0
    2493    2480    2481    2494  0 0 0 0
    2492    2479    2480    2493  0 0 0 0
    2491    2478    2479    2492  0 0 0 0
    2490    2477    2478    2491  0 0 0 0
    2489    2476    2477    2490  0 0 0 0
    2488    2475    2476    2489  0 0 0 0
    2487    2474    2475    2488  0 0 0 0
    2486    2473    2474    2487  0 0 0 0
    2485    2472    2473    2486  0 0 0 0
    2484    2471    2472    2485  0 0 0 0
    2482    2469    2470    2483  0 0 0 0
    2481    2468    2469    2482  0 0 0 0
    2480    2467    2468    2481  0 0 0 0
    2479    2466    2467    2480  0 0 0 0
    2478    2465    2466    2479  0 0 0 0
    2477    2464    2465    2478  0 0 0 0
    2476    2463    2464    2477  0 0 0 0
    2475    2462    2463    2476  0 0 0 0
    2474    2461    2462    2475  0 0 0 0
    2473    2460    2461    2474  0 0 0 0
    2472    2459    2460    2473  0 0 0 0
    2471    2458    2459    2472  0 0 0 0
    2469    2456    2457    2470  0 0 0 0
    2468    2455    2456    2469  0 0 0 0
    2467    2454    2455    2468  0 0 0 0
    2466    2453    2454    2467  0 0 0 0
    2465    2452    2453    2466  0 0 0 0
    2464    2451    2452    2465  0 0 0 0
    2463    2450    2451    2464  0 0 0 0
    2462    2449    2450    2463  0 0 0 0
    2461    2448    2449    2462  0 0 0 0
    2460    2447    2448    2461  0 0 0 0
    2459    2446    2447    2460  0 0 0 0
    2458    2445    2446    2459  0 0 0 0
    2456    2443    2444    2457  0 0 0 0
    2455    2442    2443    2456  0 0 0 0
    2454    2441    2442    2455  0 0 0 0
    2453    2440    2441    2454  0 0 0 0
    2452    2439    2440    2453  0 0 0 0
    2451    2438    2439    2452  0 0 0 0
    2450    2437    2438    2451  0 0 0 0
    2449    2436    2437    2450  0 0 0 0
    2448    2435    2436    2449  0 0 0 0
    2447    2434    2435    2448  0 0 0 0
    2446    2433    2434    2447  0 0 0 0
    2445    2432    2433    2446  0 0 0 0
    2443    2430    2431    2444  0 0 0 0
    2442    2429    2430    2443  0 0 0 0
    2441    2428    2429    2442  0 0 0 0
    2440    2427    2428    2441  0 0 0 0
    2439    2426    2427    2440  0 0 0 0
    2438    2425    2426    2439  0 0 0 0
    2437    2424    2425    2438  0 0 0 0
    2436    2423    2424    2437  0 0 0 0
    2435    2422    2423    2436  0 0 0 0
    2434    2421    2422    2435  0 0 0 0
    2433    2420    2421    2434  0 0 0 0
    2432    2419    2420    2433  0 0 0 0
    2430    2417    2418    2431  0 0 0 0
    2429    2416    2417    2430  0 0 0 0
    2428    2415    2416    2429  0 0 0 0
    2427    2414    2415    2428  0 0 0 0
    2426    2413    2414    2427  0 0 0 0
    2425    2412    2413    2426  0 0 0 0
    2424    2411    2412    2425  0 0 0 0
    2423    2410    2411    2424  0 0 0 0
    2422    2409    2410    2423  0 0 0 0
    2421    2408    2409    2422  0 0 0 0
    2420    2407    2408    2421  0 0 0 0
    2419    2406    2407    2420  0 0 0 0
    2417    2404    2405    2418  0 0 0 0
    2416    2403    2404    2417  0 0 0 0
    2415    2402    2403    2416  0 0 0 0
    2414    2401    2402    2415  0 0 0 0
    2413    2400    2401    2414  0 0 0 0
    2412    2399    2400    2413  0 0 0 0
    2411    2398    2399    2412  0 0 0 0
    2410    2397    2398    2411  0 0 0 0
    2409    2396    2397    2410  0 0 0 0
    2408    2395    2396    2409  0 0 0 0
    2407    2394    2395    2408  0 0 0 0
    2406    2393    2394    2407  0 0 0 0
    2404    2391    2392    2405  0 0 0 0
    2403    2390    2391    2404  0 0 0 0
    2402    2389    2390    2403  0 0 0 0
    2401    2388    2389    2402  0 0 0 0
    2400    2387    2388    2401  0 0 0 0
    2399    2386    2387    2400  0 0 0 0
    2398    2385    2386    2399  0 0 0 0
    2397    2384    2385    2398  0 0 0 0
    2396    2383    2384    2397  0 0 0 0
    2395    2382    2383    2396  0 0 0 0
    2394    2381    2382    2395  0 0 0 0
    2393    2380    2381    2394  0 0 0 0
    2391    2378    2379    2392  0 0 0 0
    2390    2377    2378    2391  0 0 0 0
    2389    2376    2377    2390  0 0 0 0
    2388    2375    2376    2389  0 0 0 0
    2387    2374    2375    2388  0 0 0 0
    2386    2373    2374    2387  0 0 0 0
    2385    2372    2373    2386  0 0 0 0
    2384    2371    2372    2385  0 0 0 0
    2383    2370    2371    2384  0 0 0 0
    2382    2369    2370    2383  0 0 0 0
    2381    2368    2369    2382  0 0 0 0
    2380    2367    2368    2381  0 0 0 0
    2378    2365    2366    2379  0 0 0 0
    2377    2364    2365    2378  0 0 0 0
    2376    2363    2364    2377  0 0 0 0
    2375    2362    2363    2376  0 0 0 0
    2374    2361    2362    2375  0 0 0 0
    2373    2360    2361    2374  0 0 0 0
    2372    2359    2360    2373  0 0 0 0
    2371    2358    2359    2372  0 0 0 0
    2370    2357    2358    2371  0 0 0 0
    2369    2356    2357    2370  0 0 0 0
    2368    2355    2356    2369  0 0 0 0
    2367    2354    2355    2368  0 0 0 0
    2365    2352    2353    2366  0 0 0 0
    2364    2351    2352    2365  0 0 0 0
    2363    2350    2351    2364  0 0 0 0
    2362    2349    2350    2363  0 0 0 0
    2361    2348    2349    2362  0 0 0 0
    2360    2347    2348    2361  0 0 0 0
    2359    2346    2347    2360  0 0 0 0
    2358    2345    2346    2359  0 0 0 0
    2357    2344    2345    2358  0 0 0 0
    2356    2343    2344    2357  0 0 0 0
    2355    2342    2343    2356  0 0 0 0
    2354    2341    2342    2355  0 0 0 0
    2352    2339    2340    2353  0 0 0 0
    2351    2338    2339    2352  0 0 0 0
    2350    2337    2338    2351  0 0 0 0
    2349    2336    2337    2350  0 0 0 0
    2348    2335    2336    2349  0 0 0 0
    2347    2334    2335    2348  0 0 0 0
    2346    2333    2334    2347  0 0 0 0
    2345    2332    2333    2346  0 0 0 0
    2344    2331    2332    2345  0 0 0 0
    2343    2330    2331    2344  0 0 0 0
    2342    2329    2330    2343  0 0 0 0
    2341    2328    2329    2342  0 0 0 0
    2339    2326    2327    2340  0 0 0 0
    2338    2325    2326    2339  0 0 0 0
    2337    2324    2325    2338  0 0 0 0
    2336    2323    2324    2337  0 0 0 0
    2335    2322    2323    2336  0 0 0 0
    2334    2321    2322    2335  0 0 0 0
    2333    2320    2321    2334  0 0 0 0
    2332    2319    2320    2333  0 0 0 0
    2331    2318    2319    2332  0 0 0 0
    2330    2317    2318    2331  0 0 0 0
    2329    2316    2317    2330  0 0 0 0
    2328    2315    2316    2329  0 0 0 0
    2326    2313    2314    2327  0 0 0 0
    2325    2312    2313    2326  0 0 0 0
    2324    2311    2312    2325  0 0 0 0
    2323    2310    2311    2324  0 0 0 0
    2322    2309    2310    2323  0 0 0 0
    2321    2308    2309    2322  0 0 0 0
    2320    2307    2308    2321  0 0 0 0
    2319    2306    2307    2320  0 0 0 0
    2318    2305    2306    2319  0 0 0 0
    2317    2304    2305    2318  0 0 0 0
    2316    2303    2304    2317  0 0 0 0
    2315    2302    2303    2316  0 0 0 0
    2313    2300    2301    2314  0 0 0 0
    2312    2299    2300    2313  0 0 0 0
    2311    2298    2299    2312  0 0 0 0
    2310    2297    2298    2311  0 0 0 0
    2309    2296    2297    2310  0 0 0 0
    2308    2295    2296    2309  0 0 0 0
    2307    2294    2295    2308  0 0 0 0
    2306    2293    2294    2307  0 0 0 0
    2305    2292    2293    2306  0 0 0 0
    2304    2291    2292    2305  0 0 0 0
    2303    2290    2291    2304  0 0 0 0
    2302    2289    2290    2303  0 0 0 0
    2300    2287    2288    2301  0 0 0 0
    2299    2286    2287    2300  0 0 0 0
    2298    2285    2286    2299  0 0 0 0
    2297    2284    2285    2298  0 0 0 0
    2296    2283    2284    2297  0 0 0 0
    2295    2282    2283    2296  0 0 0 0
    2294    2281    2282    2295  0 0 0 0
    2293    2280    2281    2294  0 0 0 0
    2292    2279    2280    2293  0 0 0 0
    2291    2278    2279    2292  0 0 0 0
    2290    2277    2278    2291  0 0 0 0
    2289    2276    2277    2290  0 0 0 0
    2287    2274    2275    2288  0 0 0 0
    2286    2273    2274    2287  0 0 0 0
    2285    2272    2273    2286  0 0 0 0
    2284    2271    2272    2285  0 0 0 0
    2283    2270    2271    2284  0 0 0 0
    2282    2269    2270    2283  0 0 0 0
    2281    2268    2269    2282  0 0 0 0
    2280    2267    2268    2281  0 0 0 0
    2279    2266    2267    2280  0 0 0 0
    2278    2265    2266    2279  0 0 0 0
    2277    2264    2265    2278  0 0 0 0
    2276    2263    2264    2277  0 0 0 0
    2274    2261    2262    2275  0 0 0 0
    2273    2260    2261    2274  0 0 0 0
    2272    2259    2260    2273  0 0 0 0
    2271    2258    2259    2272  0 0 0 0
    2270    2257    2258    2271  0 0 0 0
    2269    2256    2257    2270  0 0 0 0
    2268    2255    2256    2269  0 0 0 0
    2267    2254    2255    2268  0 0 0 0
    2266    2253    2254    2267  0 0 0 0
    2265    2252    2253    2266  0 0 0 0
    2264    2251    2252    2265  0 0 0 0
    2263    2250    2251    2264  0 0 0 0
    2261    2248    2249    2262  0 0 0 0
    2260    2247    2248    2261  0 0 0 0
    2259    2246    2247    2260  0 0 0 0
    2258    2245    2246    2259  0 0 0 0
    2257    2244    2245    2258  0 0 0 0
    2256    2243    2244    2257  0 0 0 0
    2255    2242    2243    2256  0 0 0 0
    2254    2241    2242    2255  0 0 0 0
    2253    2240    2241    2254  0 0 0 0
    2252    2239    2240    2253  0 0 0 0
    2251    2238    2239    2252  0 0 0 0
    2250    2237    2238    2251  0 0 0 0
    2248    2235    2236    2249  0 0 0 0
    2247    2234    2235    2248  0 0 0 0
    2246    2233    2234    2247  0 0 0 0
    2245    2232    2233    2246  0 0 0 0
    2244    2231    2232    2245  0 0 0 0
    2243    2230    2231    2244  0 0 0 0
    2242    2229    2230    2243  0 0 0 0
    2241    2228    2229    2242  0 0 0 0
    2240    2227    2228    2241  0 0 0 0
    2239    2226    2227    2240  0 0 0 0
    2238    2225    2226    2239  0 0 0 0
    2237    2224    2225    2238  0 0 0 0
    2235    2222    2223    2236  0 0 0 0
    2234    2221    2222    2235  0 0 0 0
    2233    2220    2221    2234  0 0 0 0
    2232    2219    2220    2233  0 0 0 0
    2231    2218    2219    2232  0 0 0 0
    2230    2217    2218    2231  0 0 0 0
    2229    2216    2217    2230  0 0 0 0
    2228    2215    2216    2229  0 0 0 0
    2227    2214    2215    2228  0 0 0 0
    2226    2213    2214    2227  0 0 0 0
    2225    2212    2213    2226  0 0 0 0
    2224    2211    2212    2225  0 0 0 0
    2222    2209    2210    2223  0 0 0 0
    2221    2208    2209    2222  0 0 0 0
    2220    2207    2208    2221  0 0 0 0
    2219    2206    2207    2220  0 0 0 0
    2218    2205    2206    2219  0 0 0 0
    2217    2204    2205    2218  0 0 0 0
    2216    2203    2204    2217  0 0 0 0
    2215    2202    2203    2216  0 0 0 0
    2214    2201    2202    2215  0 0 0 0
    2213    2200    2201    2214  0 0 0 0
    2212    2199    2200    2213  0 0 0 0
    2211    2198    2199    2212  0 0 0 0
    2209    2196    2197    2210  0 0 0 0
    2208    2195    2196    2209  0 0 0 0
    2207    2194    2195    2208  0 0 0 0
    2206    2193    2194    2207  0 0 0 0
    2205    2192    2193    2206  0 0 0 0
    2204    2191    2192    2205  0 0 0 0
    2203    2190    2191    2204  0 0 0 0
    2202    2189    2190    2203  0 0 0 0
    2201    2188    2189    2202  0 0 0 0
    2200    2187    2188    2201  0 0 0 0
    2199    2186    2187    2200  0 0 0 0
    2198    2185    2186    2199  0 0 0 0
    2196    2183    2184    2197  0 0 0 0
    2195    2182    2183    2196  0 0 0 0
    2194    2181    2182    2195  0 0 0 0
    2193    2180    2181    2194  0 0 0 0
    2192    2179    2180    2193  0 0 0 0
    2191    2178    2179    2192  0 0 0 0
    2190    2177    2178    2191  0 0 0 0
    2189    2176    2177    2190  0 0 0 0
    2188    2175    2176    2189  0 0 0 0
    2187    2174    2175    2188  0 0 0 0
    2186    2173    2174    2187  0 0 0 0
    2185    2172    2173    2186  0 0 0 0
    2183    2170    2171    2184  0 0 0 0
    2182    2169    2170    2183  0 0 0 0
    2181    2168    2169    2182  0 0 0 0
    2180    2167    2168    2181  0 0 0 0
    2179    2166    2167    2180  0 0 0 0
    2178    2165    2166    2179  0 0 0 0
    2177    2164    2165    2178  0 0 0 0
    2176    2163    2164    2177  0 0 0 0
    2175    2162    2163    2176  0 0 0 0
    2174    2161    2162    2175  0 0 0 0
    2173    2160    2161    2174  0 0 0 0
    2172    2159    2160    2173  0 0 0 0
    2170    2157    2158    2171  0 0 0 0
    2169    2156    2157    2170  0 0 0 0
    2168    2155    2156    2169  0 0 0 0
    2167    2154    2155    2168  0 0 0 0
    2166    2153    2154    2167  0 0 0 0
    2165    2152    2153    2166  0 0 0 0
    2164    2151    2152    2165  0 0 0 0
    2163    2150    2151    2164  0 0 0 0
    2162    2149    2150    2163  0 0 0 0
    2161    2148    2149    2162  0 0 0 0
    2160    2147    2148    2161  0 0 0 0
    2159    2146    2147    2160  0 0 0 0
    2157    2144    2145    2158  0 0 0 0
    2156    2143    2144    2157  0 0 0 0
    2155    2142    2143    2156  0 0 0 0
    2154    2141    2142    2155  0 0 0 0
    2153    2140    2141    2154  0 0 0 0
    2152    2139    2140    2153  0 0 0 0
    2151    2138    2139    2152  0 0 0 0
    2150    2137    2138    2151  0 0 0 0
    2149    2136    2137    2150  0 0 0 0
    2148    2135    2136    2149  0 0 0 0
    2147    2134    2135    2148  0 0 0 0
    2146    2133    2134    2147  0 0 0 0
    2144    2131    2132    2145  0 0 0 0
    2143    2130    2131    2144  0 0 0 0
    2142    2129    2130    2143  0 0 0 0
    2141    2128    2129    2142  0 0 0 0
    2140    2127    2128    2141  0 0 0 0
    2139    2126    2127    2140  0 0 0 0
    2138    2125    2126    2139  0 0 0 0
    2137    2124    2125    2138  0 0 0 0
    2136    2123    2124    2137  0 0 0 0
    2135    2122    2123    2136  0 0 0 0
    2134    2121    2122    2135  0 0 0 0
    2133    2120    2121    2134  0 0 0 0
    2131    2118    2119    2132  0 0 0 0
    2130    2117    2118    2131  0 0 0 0
    2129    2116    2117    2130  0 0 0 0
    2128    2115    2116    2129  0 0 0 0
    2127    2114    2115    2128  0 0 0 0
    2126    2113    2114    2127  0 0 0 0
    2125    2112    2113    2126  0 0 0 0
    2124    2111    2112    2125  0 0 0 0
    2123    2110    2111    2124  0 0 0 0
    2122    2109    2110    2123  0 0 0 0
    2121    2108    2109    2122  0 0 0 0
    2120    2107    2108    2121  0 0 0 0
    2118    2105    2106    2119  0 0 0 0
    2117    2104    2105    2118  0 0 0 0
    2116    2103    2104    2117  0 0 0 0
    2115    2102    2103    2116  0 0 0 0
    2114    2101    2102    2115  0 0 0 0
    2113    2100    2101    2114  0 0 0 0
    2112    2099    2100    2113  0 0 0 0
    2111    2098    2099    2112  0 0 0 0
    2110    2097    2098    2111  0 0 0 0
    2109    2096    2097    2110  0 0 0 0
    2108    2095    2096    2109  0 0 0 0
    2107    2094    2095    2108  0 0 0 0
    2105    2092    2093    2106  0 0 0 0
    2104    2091    2092    2105  0 0 0 0
    2103    2090    2091    2104  0 0 0 0
    2102    2089    2090    2103  0 0 0 0
    2101    2088    2089    2102  0 0 0 0
    2100    2087    2088    2101  0 0 0 0
    2099    2086    2087    2100  0 0 0 0
    2098    2085    2086    2099  0 0 0 0
    2097    2084    2085    2098  0 0 0 0
    2096    2083    2084    2097  0 0 0 0
    2095    2082    2083    2096  0 0 0 0
    2094    2081    2082    2095  0 0 0 0
    2092    2079    2080    2093  0 0 0 0
    2091    2078    2079    2092  0 0 0 0
    2090    2077    2078    2091  0 0 0 0
    2089    2076    2077    2090  0 0 0 0
    2088    2075    2076    2089  0 0 0 0
    2087    2074    2075    2088  0 0 0 0
    2086    2073    2074    2087  0 0 0 0
    2085    2072    2073    2086  0 0 0 0
    2084    2071    2072    2085  0 0 0 0
    2083    2070    2071    2084  0 0 0 0
    2082    2069    2070    2083  0 0 0 0
    2081    2068    2069    2082  0 0 0 0
    2079    2066    2067    2080  0 0 0 0
    2078    2065    2066    2079  0 0 0 0
    2077    2064    2065    2078  0 0 0 0
    2076    2063    2064    2077  0 0 0 0
    2075    2062    2063    2076  0 0 0 0
    2074    2061    2062    2075  0 0 0 0
    2073    2060    2061    2074  0 0 0 0
    2072    2059    2060    2073  0 0 0 0
    2071    2058    2059    2072  0 0 0 0
    2070    2057    2058    2071  0 0 0 0
    2069    2056    2057    2070  0 0 0 0
    2068    2055    2056    2069  0 0 0 0
    2066    2053    2054    2067  0 0 0 0
    2065    2052    2053    2066  0 0 0 0
    2064    2051    2052    2065  0 0 0 0
    2063    2050    2051    2064  0 0 0 0
    2062    2049    2050    2063  0 0 0 0
    2061    2048    2049    2062  0 0 0 0
    2060    2047    2048    2061  0 0 0 0
    2059    2046    2047    2060  0 0 0 0
    2058    2045    2046    2059  0 0 0 0
    2057    2044    2045    2058  0 0 0 0
    2056    2043    2044    2057  0 0 0 0
    2055    2042    2043    2056  0 0 0 0
    2053    2040    2041    2054  0 0 0 0
    2052    2039    2040    2053  0 0 0 0
    2051    2038    2039    2052  0 0 0 0
    2050    2037    2038    2051  0 0 0 0
    2049    2036    2037    2050  0 0 0 0
    2048    2035    2036    2049  0 0 0 0
    2047    2034    2035    2048  0 0 0 0
    2046    2033    2034    2047  0 0 0 0
    2045    2032    2033    2046  0 0 0 0
    2044    2031    2032    2045  0 0 0 0
    2043    2030    2031    2044  0 0 0 0
    2042    2029    2030    2043  0 0 0 0
    2040    2027    2028    2041  0 0 0 0
    2039    2026    2027    2040  0 0 0 0
    2038    2025    2026    2039  0 0 0 0
    2037    2024    2025    2038  0 0 0 0
    2036    2023    2024    2037  0 0 0 0
    2035    2022    2023    2036  0 0 0 0
    2034    2021    2022    2035  0 0 0 0
    2033    2020    2021    2034  0 0 0 0
    2032    2019    2020    2033  0 0 0 0
    2031    2018    2019    2032  0 0 0 0
    2030    2017    2018    2031  0 0 0 0
    2029    2016    2017    2030  0 0 0 0
    2027    2014    2015    2028  0 0 0 0
    2026    2013    2014    2027  0 0 0 0
    2025    2012    2013    2026  0 0 0 0
    2024    2011    2012    2025  0 0 0 0
    2023    2010    2011    2024  0 0 0 0
    2022    2009    2010    2023  0 0 0 0
    2021    2008    2009    2022  0 0 0 0
    2020    2007    2008    2021  0 0 0 0
    2019    2006    2007    2020  0 0 0 0
    2018    2005    2006    2019  0 0 0 0
    2017    2004    2005    2018  0 0 0 0
    2016    2003    2004    2017  0 0 0 0
    2014    2001    2002    2015  0 0 0 0
    2013    2000    2001    2014  0 0 0 0
    2012    1999    2000    2013  0 0 0 0
    2011    1998    1999    2012  0 0 0 0
    2010    1997    1998    2011  0 0 0 0
    2009    1996    1997    2010  0 0 0 0
    2008    1995    1996    2009  0 0 0 0
    2007    1994    1995    2008  0 0 0 0
    2006    1993    1994    2007  0 0 0 0
    2005    1992    1993    2006  0 0 0 0
    2004    1991    1992    2005  0 0 0 0
    2003    1990    1991    2004  0 0 0 0
    2001    1988    1989    2002  0 0 0 0
    2000    1987    1988    2001  0 0 0 0
    1999    1986    1987    2000  0 0 0 0
    1998    1985    1986    1999  0 0 0 0
    1997    1984    1985    1998  0 0 0 0
    1996    1983    1984    1997  0 0 0 0
    1995    1982    1983    1996  0 0 0 0
    1994    1981    1982    1995  0 0 0 0
    1993    1980    1981    1994  0 0 0 0
    1992    1979    1980    1993  0 0 0 0
    1991    1978    1979    1992  0 0 0 0
    1990    1977    1978    1991  0 0 0 0
    1988    1975    1976    1989  0 0 0 0
    1987    1974    1975    1988  0 0 0 0
    1986    1973    1974    1987  0 0 0 0
    1985    1972    1973    1986  0 0 0 0
    1984    1971    1972    1985  0 0 0 0
    1983    1970    1971    1984  0 0 0 0
    1982    1969    1970    1983  0 0 0 0
    1981    1968    1969    1982  0 0 0 0
    1980    1967    1968    1981  0 0 0 0
    1979    1966    1967    1980  0 0 0 0
    1978    1965    1966    1979  0 0 0 0
    1977    1964    1965    1978  0 0 0 0
    1975    1962    1963    1976  0 0 0 0
    1974    1961    1962    1975  0 0 0 0
    1973    1960    1961    1974  0 0 0 0
    1972    1959    1960    1973  0 0 0 0
    1971    1958    1959    1972  0 0 0 0
    1970    1957    1958    1971  0 0 0 0
    1969    1956    1957    1970  0 0 0 0
    1968    1955    1956    1969  0 0 0 0
    1967    1954    1955    1968  0 0 0 0
    1966    1953    1954    1967  0 0 0 0
    1965    1952    1953    1966  0 0 0 0
    1964    1951    1952    1965  0 0 0 0
    1962    1949    1950    1963  0 0 0 0
    1961    1948    1949    1962  0 0 0 0
    1960    1947    1948    1961  0 0 0 0
    1959    1946    1947    1960  0 0 0 0
    1958    1945    1946    1959  0 0 0 0
    1957    1944    1945    1958  0 0 0 0
    1956    1943    1944    1957  0 0 0 0
    1955    1942    1943    1956  0 0 0 0
    1954    1941    1942    1955  0 0 0 0
    1953    1940    1941    1954  0 0 0 0
    1952    1939    1940    1953  0 0 0 0
    1951    1938    1939    1952  0 0 0 0
    1949    1936    1937    1950  0 0 0 0
    1948    1935    1936    1949  0 0 0 0
    1947    1934    1935    1948  0 0 0 0
    1946    1933    1934    1947  0 0 0 0
    1945    1932    1933    1946  0 0 0 0
    1944    1931    1932    1945  0 0 0 0
    1943    1930    1931    1944  0 0 0 0
    1942    1929    1930    1943  0 0 0 0
    1941    1928    1929    1942  0 0 0 0
    1940    1927    1928    1941  0 0 0 0
    1939    1926    1927    1940  0 0 0 0
    1938    1925    1926    1939  0 0 0 0
    1936    1923    1924    1937  0 0 0 0
    1935    1922    1923    1936  0 0 0 0
    1934    1921    1922    1935  0 0 0 0
    1933    1920    1921    1934  0 0 0 0
    1932    1919    1920    1933  0 0 0 0
    1931    1918    1919    1932  0 0 0 0
    1930    1917    1918    1931  0 0 0 0
    1929    1916    1917    1930  0 0 0 0
    1928    1915    1916    1929  0 0 0 0
    1927    1914    1915    1928  0 0 0 0
    1926    1913    1914    1927  0 0 0 0
    1925    1912    1913    1926  0 0 0 0
    1923    1910    1911    1924  0 0 0 0
    1922    1909    1910    1923  0 0 0 0
    1921    1908    1909    1922  0 0 0 0
    1920    1907    1908    1921  0 0 0 0
    1919    1906    1907    1920  0 0 0 0
    1918    1905    1906    1919  0 0 0 0
    1917    1904    1905    1918  0 0 0 0
    1916    1903    1904    1917  0 0 0 0
    1915    1902    1903    1916  0 0 0 0
    1914    1901    1902    1915  0 0 0 0
    1913    1900    1901    1914  0 0 0 0
    1912    1899    1900    1913  0 0 0 0
    1910    1897    1898    1911  0 0 0 0
    1909    1896    1897    1910  0 0 0 0
    1908    1895    1896    1909  0 0 0 0
    1907    1894    1895    1908  0 0 0 0
    1906    1893    1894    1907  0 0 0 0
    1905    1892    1893    1906  0 0 0 0
    1904    1891    1892    1905  0 0 0 0
    1903    1890    1891    1904  0 0 0 0
    1902    1889    1890    1903  0 0 0 0
    1901    1888    1889    1902  0 0 0 0
    1900    1887    1888    1901  0 0 0 0
    1899    1886    1887    1900  0 0 0 0
    1897    1884    1885    1898  0 0 0 0
    1896    1883    1884    1897  0 0 0 0
    1895    1882    1883    1896  0 0 0 0
    1894    1881    1882    1895  0 0 0 0
    1893    1880    1881    1894  0 0 0 0
    1892    1879    1880    1893  0 0 0 0
    1891    1878    1879    1892  0 0 0 0
    1890    1877    1878    1891  0 0 0 0
    1889    1876    1877    1890  0 0 0 0
    1888    1875    1876    1889  0 0 0 0
    1887    1874    1875    1888  0 0 0 0
    1886    1873    1874    1887  0 0 0 0
    1884    1871    1872    1885  0 0 0 0
    1883    1870    1871    1884  0 0 0 0
    1882    1869    1870    1883  0 0 0 0
    1881    1868    1869    1882  0 0 0 0
    1880    1867    1868    1881  0 0 0 0
    1879    1866    1867    1880  0 0 0 0
    1878    1865    1866    1879  0 0 0 0
    1877    1864    1865    1878  0 0 0 0
    1876    1863    1864    1877  0 0 0 0
    1875    1862    1863    1876  0 0 0 0
    1874    1861    1862    1875  0 0 0 0
    1873    1860    1861    1874  0 0 0 0
    1871    1858    1859    1872  0 0 0 0
    1870    1857    1858    1871  0 0 0 0
    1869    1856    1857    1870  0 0 0 0
    1868    1855    1856    1869  0 0 0 0
    1867    1854    1855    1868  0 0 0 0
    1866    1853    1854    1867  0 0 0 0
    1865    1852    1853    1866  0 0 0 0
    1864    1851    1852    1865  0 0 0 0
    1863    1850    1851    1864  0 0 0 0
    1862    1849    1850    1863  0 0 0 0
    1861    1848    1849    1862  0 0 0 0
    1860    1847    1848    1861  0 0 0 0
    1858    1845    1846    1859  0 0 0 0
    1857    1844    1845    1858  0 0 0 0
    1856    1843    1844    1857  0 0 0 0
    1855    1842    1843    1856  0 0 0 0
    1854    1841    1842    1855  0 0 0 0
    1853    1840    1841    1854  0 0 0 0
    1852    1839    1840    1853  0 0 0 0
    1851    1838    1839    1852  0 0 0 0
    1850    1837    1838    1851  0 0 0 0
    1849    1836    1837    1850  0 0 0 0
    1848    1835    1836    1849  0 0 0 0
    1847    1834    1835    1848  0 0 0 0
    1845    1832    1833    1846  0 0 0 0
    1844    1831    1832    1845  0 0 0 0
    1843    1830    1831    1844  0 0 0 0
    1842    1829    1830    1843  0 0 0 0
    1841    1828    1829    1842  0 0 0 0
    1840    1827    1828    1841  0 0 0 0
    1839    1826    1827    1840  0 0 0 0
    1838    1825    1826    1839  0 0 0 0
    1837    1824    1825    1838  0 0 0 0
    1836    1823    1824    1837  0 0 0 0
    1835    1822    1823    1836  0 0 0 0
    1834    1821    1822    1835  0 0 0 0
    1832    1819    1820    1833  0 0 0 0
    1831    1818    1819    1832  0 0 0 0
    1830    1817    1818    1831  0 0 0 0
    1829    1816    1817    1830  0 0 0 0
    1828    1815    1816    1829  0 0 0 0
    1827    1814    1815    1828  0 0 0 0
    1826    1813    1814    1827  0 0 0 0
    1825    1812    1813    1826  0 0 0 0
    1824    1811    1812    1825  0 0 0 0
    1823    1810    1811    1824  0 0 0 0
    1822    1809    1810    1823  0 0 0 0
    1821    1808    1809    1822  0 0 0 0
    1819    1806    1807    1820  0 0 0 0
    1818    1805    1806    1819  0 0 0 0
    1817    1804    1805    1818  0 0 0 0
    1816    1803    1804    1817  0 0 0 0
    1815    1802    1803    1816  0 0 0 0
    1814    1801    1802    1815  0 0 0 0
    1813    1800    1801    1814  0 0 0 0
    1812    1799    1800    1813  0 0 0 0
    1811    1798    1799    1812  0 0 0 0
    1810    1797    1798    1811  0 0 0 0
    1809    1796    1797    1810  0 0 0 0
    1808    1795    1796    1809  0 0 0 0
    1806    1793    1794    1807  0 0 0 0
    1805    1792    1793    1806  0 0 0 0
    1804    1791    1792    1805  0 0 0 0
    1803    1790    1791    1804  0 0 0 0
    1802    1789    1790    1803  0 0 0 0
    1801    1788    1789    1802  0 0 0 0
    1800    1787    1788    1801  0 0 0 0
    1799    1786    1787    1800  0 0 0 0
    1798    1785    1786    1799  0 0 0 0
    1797    1784    1785    1798  0 0 0 0
    1796    1783    1784    1797  0 0 0 0
    1795    1782    1783    1796  0 0 0 0
    1793    1780    1781    1794  0 0 0 0
    1792    1779    1780    1793  0 0 0 0
    1791    1778    1779    1792  0 0 0 0
    1790    1777    1778    1791  0 0 0 0
    1789    1776    1777    1790  0 0 0 0
    1788    1775    1776    1789  0 0 0 0
    1787    1774    1775    1788  0 0 0 0
    1786    1773    1774    1787  0 0 0 0
    1785    1772    1773    1786  0 0 0 0
    1784    1771    1772    1785  0 0 0 0
    1783    1770    1771    1784  0 0 0 0
    1782    1769    1770    1783  0 0 0 0
    1780    1767    1768    1781  0 0 0 0
    1779    1766    1767    1780  0 0 0 0
    1778    1765    1766    1779  0 0 0 0
    1777    1764    1765    1778  0 0 0 0
    1776    1763    1764    1777  0 0 0 0
    1775    1762    1763    1776  0 0 0 0
    1774    1761    1762    1775  0 0 0 0
    1773    1760    1761    1774  0 0 0 0
    1772    1759    1760    1773  0 0 0 0
    1771    1758    1759    1772  0 0 0 0
    1770    1757    1758    1771  0 0 0 0
    1769    1756    1757    1770  0 0 0 0
    1767    1754    1755    1768  0 0 0 0
    1766    1753    1754    1767  0 0 0 0
    1765    1752    1753    1766  0 0 0 0
    1764    1751    1752    1765  0 0 0 0
    1763    1750    1751    1764  0 0 0 0
    1762    1749    1750    1763  0 0 0 0
    1761    1748    1749    1762  0 0 0 0
    1760    1747    1748    1761  0 0 0 0
    1759    1746    1747    1760  0 0 0 0
    1758    1745    1746    1759  0 0 0 0
    1757    1744    1745    1758  0 0 0 0
    1756    1743    1744    1757  0 0 0 0
    1754    1741    1742    1755  0 0 0 0
    1753    1740    1741    1754  0 0 0 0
    1752    1739    1740    1753  0 0 0 0
    1751    1738    1739    1752  0 0 0 0
    1750    1737    1738    1751  0 0 0 0
    1749    1736    1737    1750  0 0 0 0
    1748    1735    1736    1749  0 0 0 0
    1747    1734    1735    1748  0 0 0 0
    1746    1733    1734    1747  0 0 0 0
    1745    1732    1733    1746  0 0 0 0
    1744    1731    1732    1745  0 0 0 0
    1743    1730    1731    1744  0 0 0 0
    1741    1728    1729    1742  0 0 0 0
    1740    1727    1728    1741  0 0 0 0
    1739    1726    1727    1740  0 0 0 0
    1738    1725    1726    1739  0 0 0 0
    1737    1724    1725    1738  0 0 0 0
    1736    1723    1724    1737  0 0 0 0
    1735    1722    1723    1736  0 0 0 0
    1734    1721    1722    1735  0 0 0 0
    1733    1720    1721    1734  0 0 0 0
    1732    1719    1720    1733  0 0 0 0
    1731    1718    1719    1732  0 0 0 0
    1730    1717    1718    1731  0 0 0 0
    1728    1715    1716    1729  0 0 0 0
    1727    1714    1715    1728  0 0 0 0
    1726    1713    1714    1727  0 0 0 0
    1725    1712    1713    1726  0 0 0 0
    1724    1711    1712    1725  0 0 0 0
    1723    1710    1711    1724  0 0 0 0
    1722    1709    1710    1723  0 0 0 0
    1721    1708    1709    1722  0 0 0 0
    1720    1707    1708    1721  0 0 0 0
    1719    1706    1707    1720  0 0 0 0
    1718    1705    1706    1719  0 0 0 0
    1717    1704    1705    1718  0 0 0 0
    1715    1702    1703    1716  0 0 0 0
    1714    1701    1702    1715  0 0 0 0
    1713    1700    1701    1714  0 0 0 0
    1712    1699    1700    1713  0 0 0 0
    1711    1698    1699    1712  0 0 0 0
    1710    1697    1698    1711  0 0 0 0
    1709    1696    1697    1710  0 0 0 0
    1708    1695    1696    1709  0 0 0 0
    1707    1694    1695    1708  0 0 0 0
    1706    1693    1694    1707  0 0 0 0
    1705    1692    1693    1706  0 0 0 0
    1704    1691    1692    1705  0 0 0 0
    1702    1689    1690    1703  0 0 0 0
    1701    1688    1689    1702  0 0 0 0
    1700    1687    1688    1701  0 0 0 0
    1699    1686    1687    1700  0 0 0 0
    1698    1685    1686    1699  0 0 0 0
    1697    1684    1685    1698  0 0 0 0
    1696    1683    1684    1697  0 0 0 0
    1695    1682    1683    1696  0 0 0 0
    1694    1681    1682    1695  0 0 0 0
    1693    1680    1681    1694  0 0 0 0
    1692    1679    1680    1693  0 0 0 0
    1691    1678    1679    1692  0 0 0 0
    1689    1676    1677    1690  0 0 0 0
    1688    1675    1676    1689  0 0 0 0
    1687    1674    1675    1688  0 0 0 0
    1686    1673    1674    1687  0 0 0 0
    1685    1672    1673    1686  0 0 0 0
    1684    1671    1672    1685  0 0 0 0
    1683    1670    1671    1684  0 0 0 0
    1682    1669    1670    1683  0 0 0 0
    1681    1668    1669    1682  0 0 0 0
    1680    1667    1668    1681  0 0 0 0
    1679    1666    1667    1680  0 0 0 0
    1678    1665    1666    1679  0 0 0 0
    1676    1663    1664    1677  0 0 0 0
    1675    1662    1663    1676  0 0 0 0
    1674    1661    1662    1675  0 0 0 0
    1673    1660    1661    1674  0 0 0 0
    1672    1659    1660    1673  0 0 0 0
    1671    1658    1659    1672  0 0 0 0
    1670    1657    1658    1671  0 0 0 0
    1669    1656    1657    1670  0 0 0 0
    1668    1655    1656    1669  0 0 0 0
    1667    1654    1655    1668  0 0 0 0
    1666    1653    1654    1667  0 0 0 0
    1665    1652    1653    1666  0 0 0 0
    1663    1650    1651    1664  0 0 0 0
    1662    1649    1650    1663  0 0 0 0
    1661    1648    1649    1662  0 0 0 0
    1660    1647    1648    1661  0 0 0 0
    1659    1646    1647    1660  0 0 0 0
    1658    1645    1646    1659  0 0 0 0
    1657    1644    1645    1658  0 0 0 0
    1656    1643    1644    1657  0 0 0 0
    1655    1642    1643    1656  0 0 0 0
    1654    1641    1642    1655  0 0 0 0
    1653    1640    1641    1654  0 0 0 0
    1652    1639    1640    1653  0 0 0 0
    1650    1637    1638    1651  0 0 0 0
    1649    1636    1637    1650  0 0 0 0
    1648    1635    1636    1649  0 0 0 0
    1647    1634    1635    1648  0 0 0 0
    1646    1633    1634    1647  0 0 0 0
    1645    1632    1633    1646  0 0 0 0
    1644    1631    1632    1645  0 0 0 0
    1643    1630    1631    1644  0 0 0 0
    1642    1629    1630    1643  0 0 0 0
    1641    1628    1629    1642  0 0 0 0
    1640    1627    1628    1641  0 0 0 0
    1639    1626    1627    1640  0 0 0 0
    1637    1624    1625    1638  0 0 0 0
    1636    1623    1624    1637  0 0 0 0
    1635    1622    1623    1636  0 0 0 0
    1634    1621    1622    1635  0 0 0 0
    1633    1620    1621    1634  0 0 0 0
    1632    1619    1620    1633  0 0 0 0
    1631    1618    1619    1632  0 0 0 0
    1630    1617    1618    1631  0 0 0 0
    1629    1616    1617    1630  0 0 0 0
    1628    1615    1616    1629  0 0 0 0
    1627    1614    1615    1628  0 0 0 0
    1626    1613    1614    1627  0 0 0 0
    1624    1611    1612    1625  0 0 0 0
    1623    1610    1611    1624  0 0 0 0
    1622    1609    1610    1623  0 0 0 0
    1621    1608    1609    1622  0 0 0 0
    1620    1607    1608    1621  0 0 0 0
    1619    1606    1607    1620  0 0 0 0
    1618    1605    1606    1619  0 0 0 0
    1617    1604    1605    1618  0 0 0 0
    1616    1603    1604    1617  0 0 0 0
    1615    1602    1603    1616  0 0 0 0
    1614    1601    1602    1615  0 0 0 0
    1613    1600    1601    1614  0 0 0 0
    1611    1598    1599    1612  0 0 0 0
    1610    1597    1598    1611  0 0 0 0
    1609    1596    1597    1610  0 0 0 0
    1608    1595    1596    1609  0 0 0 0
    1607    1594    1595    1608  0 0 0 0
    1606    1593    1594    1607  0 0 0 0
    1605    1592    1593    1606  0 0 0 0
    1604    1591    1592    1605  0 0 0 0
    1603    1590    1591    1604  0 0 0 0
    1602    1589    1590    1603  0 0 0 0
    1601    1588    1589    1602  0 0 0 0
    1600    1587    1588    1601  0 0 0 0
    1598    1585    1586    1599  0 0 0 0
    1597    1584    1585    1598  0 0 0 0
    1596    1583    1584    1597  0 0 0 0
    1595    1582    1583    1596  0 0 0 0
    1594    1581    1582    1595  0 0 0 0
    1593    1580    1581    1594  0 0 0 0
    1592    1579    1580    1593  0 0 0 0
    1591    1578    1579    1592  0 0 0 0
    1590    1577    1578    1591  0 0 0 0
    1589    1576    1577    1590  0 0 0 0
    1588    1575    1576    1589  0 0 0 0
    1587    1574    1575    1588  0 0 0 0
    1585    1572    1573    1586  0 0 0 0
    1584    1571    1572    1585  0 0 0 0
    1583    1570    1571    1584  0 0 0 0
    1582    1569    1570    1583  0 0 0 0
    1581    1568    1569    1582  0 0 0 0
    1580    1567    1568    1581  0 0 0 0
    1579    1566    1567    1580  0 0 0 0
    1578    1565    1566    1579  0 0 0 0
    1577    1564    1565    1578  0 0 0 0
    1576    1563    1564    1577  0 0 0 0
    1575    1562    1563    1576  0 0 0 0
    1574    1561    1562    1575  0 0 0 0
    1572    1559    1560    1573  0 0 0 0
    1571    1558    1559    1572  0 0 0 0
    1570    1557    1558    1571  0 0 0 0
    1569    1556    1557    1570  0 0 0 0
    1568    1555    1556    1569  0 0 0 0
    1567    1554    1555    1568  0 0 0 0
    1566    1553    1554    1567  0 0 0 0
    1565    1552    1553    1566  0 0 0 0
    1564    1551    1552    1565  0 0 0 0
    1563    1550    1551    1564  0 0 0 0
    1562    1549    1550    1563  0 0 0 0
    1561    1548    1549    1562  0 0 0 0
    1559    1546    1547    1560  0 0 0 0
    1558    1545    1546    1559  0 0 0 0
    1557    1544    1545    1558  0 0 0 0
    1556    1543    1544    1557  0 0 0 0
    1555    1542    1543    1556  0 0 0 0
    1554    1541    1542    1555  0 0 0 0
    1553    1540    1541    1554  0 0 0 0
    1552    1539    1540    1553  0 0 0 0
    1551    1538    1539    1552  0 0 0 0
    1550    1537    1538    1551  0 0 0 0
    1549    1536    1537    1550  0 0 0 0
    1548    1535    1536    1549  0 0 0 0
    1546    1533    1534    1547  0 0 0 0
    1545    1532    1533    1546  0 0 0 0
    1544    1531    1532    1545  0 0 0 0
    1543    1530    1531    1544  0 0 0 0
    1542    1529    1530    1543  0 0 0 0
    1541    1528    1529    1542  0 0 0 0
    1540    1527    1528    1541  0 0 0 0
    1539    1526    1527    1540  0 0 0 0
    1538    1525    1526    1539  0 0 0 0
    1537    1524    1525    1538  0 0 0 0
    1536    1523    1524    1537  0 0 0 0
    1535    1522    1523    1536  0 0 0 0
    1533    1520    1521    1534  0 0 0 0
    1532    1519    1520    1533  0 0 0 0
    1531    1518    1519    1532  0 0 0 0
    1530    1517    1518    1531  0 0 0 0
    1529    1516    1517    1530  0 0 0 0
    1528    1515    1516    1529  0 0 0 0
    1527    1514    1515    1528  0 0 0 0
    1526    1513    1514    1527  0 0 0 0
    1525    1512    1513    1526  0 0 0 0
    1524    1511    1512    1525  0 0 0 0
    1523    1510    1511    1524  0 0 0 0
    1522    1509    1510    1523  0 0 0 0
    1520    1507    1508    1521  0 0 0 0
    1519    1506    1507    1520  0 0 0 0
    1518    1505    1506    1519  0 0 0 0
    1517    1504    1505    1518  0 0 0 0
    1516    1503    1504    1517  0 0 0 0
    1515    1502    1503    1516  0 0 0 0
    1514    1501    1502    1515  0 0 0 0
    1513    1500    1501    1514  0 0 0 0
    1512    1499    1500    1513  0 0 0 0
    1511    1498    1499    1512  0 0 0 0
    1510    1497    1498    1511  0 0 0 0
    1509    1496    1497    1510  0 0 0 0
    1507    1494    1495    1508  0 0 0 0
    1506    1493    1494    1507  0 0 0 0
    1505    1492    1493    1506  0 0 0 0
    1504    1491    1492    1505  0 0 0 0
    1503    1490    1491    1504  0 0 0 0
    1502    1489    1490    1503  0 0 0 0
    1501    1488    1489    1502  0 0 0 0
    1500    1487    1488    1501  0 0 0 0
    1499    1486    1487    1500  0 0 0 0
    1498    1485    1486    1499  0 0 0 0
    1497    1484    1485    1498  0 0 0 0
    1496    1483    1484    1497  0 0 0 0
    1494    1481    1482    1495  0 0 0 0
    1493    1480    1481    1494  0 0 0 0
    1492    1479    1480    1493  0 0 0 0
    1491    1478    1479    1492  0 0 0 0
    1490    1477    1478    1491  0 0 0 0
    1489    1476    1477    1490  0 0 0 0
    1488    1475    1476    1489  0 0 0 0
    1487    1474    1475    1488  0 0 0 0
    1486    1473    1474    1487  0 0 0 0
    1485    1472    1473    1486  0 0 0 0
    1484    1471    1472    1485  0 0 0 0
    1483    1470    1471    1484  0 0 0 0
    1481    1468    1469    1482  0 0 0 0
    1480    1467    1468    1481  0 0 0 0
    1479    1466    1467    1480  0 0 0 0
    1478    1465    1466    1479  0 0 0 0
    1477    1464    1465    1478  0 0 0 0
    1476    1463    1464    1477  0 0 0 0
    1475    1462    1463    1476  0 0 0 0
    1474    1461    1462    1475  0 0 0 0
    1473    1460    1461    1474  0 0 0 0
    1472    1459    1460    1473  0 0 0 0
    1471    1458    1459    1472  0 0 0 0
    1470    1457    1458    1471  0 0 0 0
    1468    1455    1456    1469  0 0 0 0
    1467    1454    1455    1468  0 0 0 0
    1466    1453    1454    1467  0 0 0 0
    1465    1452    1453    1466  0 0 0 0
    1464    1451    1452    1465  0 0 0 0
    1463    1450    1451    1464  0 0 0 0
    1462    1449    1450    1463  0 0 0 0
    1461    1448    1449    1462  0 0 0 0
    1460    1447    1448    1461  0 0 0 0
    1459    1446    1447    1460  0 0 0 0
    1458    1445    1446    1459  0 0 0 0
    1457    1444    1445    1458  0 0 0 0
    1455    1442    1443    1456  0 0 0 0
    1454    1441    1442    1455  0 0 0 0
    1453    1440    1441    1454  0 0 0 0
    1452    1439    1440    1453  0 0 0 0
    1451    1438    1439    1452  0 0 0 0
    1450    1437    1438    1451  0 0 0 0
    1449    1436    1437    1450  0 0 0 0
    1448    1435    1436    1449  0 0 0 0
    1447    1434    1435    1448  0 0 0 0
    1446    1433    1434    1447  0 0 0 0
    1445    1432    1433    1446  0 0 0 0
    1444    1431    1432    1445  0 0 0 0
    1442    1429    1430    1443  0 0 0 0
    1441    1428    1429    1442  0 0 0 0
    1440    1427    1428    1441  0 0 0 0
    1439    1426    1427    1440  0 0 0 0
    1438    1425    1426    1439  0 0 0 0
    1437    1424    1425    1438  0 0 0 0
    1436    1423    1424    1437  0 0 0 0
    1435    1422    1423    1436  0 0 0 0
    1434    1421    1422    1435  0 0 0 0
    1433    1420    1421    1434  0 0 0 0
    1432    1419    1420    1433  0 0 0 0
    1431    1418    1419    1432  0 0 0 0
    1429    1416    1417    1430  0 0 0 0
    1428    1415    1416    1429  0 0 0 0
    1427    1414    1415    1428  0 0 0 0
    1426    1413    1414    1427  0 0 0 0
    1425    1412    1413    1426  0 0 0 0
    1424    1411    1412    1425  0 0 0 0
    1423    1410    1411    1424  0 0 0 0
    1422    1409    1410    1423  0 0 0 0
    1421    1408    1409    1422  0 0 0 0
    1420    1407    1408    1421  0 0 0 0
    1419    1406    1407    1420  0 0 0 0
    1418    1405    1406    1419  0 0 0 0
    1416    1403    1404    1417  0 0 0 0
    1415    1402    1403    1416  0 0 0 0
    1414    1401    1402    1415  0 0 0 0
    1413    1400    1401    1414  0 0 0 0
    1412    1399    1400    1413  0 0 0 0
    1411    1398    1399    1412  0 0 0 0
    1410    1397    1398    1411  0 0 0 0
    1409    1396    1397    1410  0 0 0 0
    1408    1395    1396    1409  0 0 0 0
    1407    1394    1395    1408  0 0 0 0
    1406    1393    1394    1407  0 0 0 0
    1405    1392    1393    1406  0 0 0 0
    1403    1390    1391    1404  0 0 0 0
    1402    1389    1390    1403  0 0 0 0
    1401    1388    1389    1402  0 0 0 0
    1400    1387    1388    1401  0 0 0 0
    1399    1386    1387    1400  0 0 0 0
    1398    1385    1386    1399  0 0 0 0
    1397    1384    1385    1398  0 0 0 0
    1396    1383    1384    1397  0 0 0 0
    1395    1382    1383    1396  0 0 0 0
    1394    1381    1382    1395  0 0 0 0
    1393    1380    1381    1394  0 0 0 0
    1392    1379    1380    1393  0 0 0 0
    1390    1377    1378    1391  0 0 0 0
    1389    1376    1377    1390  0 0 0 0
    1388    1375    1376    1389  0 0 0 0
    1387    1374    1375    1388  0 0 0 0
    1386    1373    1374    1387  0 0 0 0
    1385    1372    1373    1386  0 0 0 0
    1384    1371    1372    1385  0 0 0 0
    1383    1370    1371    1384  0 0 0 0
    1382    1369    1370    1383  0 0 0 0
    1381    1368    1369    1382  0 0 0 0
    1380    1367    1368    1381  0 0 0 0
    1379    1366    1367    1380  0 0 0 0
    1377    1364    1365    1378  0 0 0 0
    1376    1363    1364    1377  0 0 0 0
    1375    1362    1363    1376  0 0 0 0
    1374    1361    1362    1375  0 0 0 0
    1373    1360    1361    1374  0 0 0 0
    1372    1359    1360    1373  0 0 0 0
    1371    1358    1359    1372  0 0 0 0
    1370    1357    1358    1371  0 0 0 0
    1369    1356    1357    1370  0 0 0 0
    1368    1355    1356    1369  0 0 0 0
    1367    1354    1355    1368  0 0 0 0
    1366    1353    1354    1367  0 0 0 0
    1364    1351    1352    1365  0 0 0 0
    1363    1350    1351    1364  0 0 0 0
    1362    1349    1350    1363  0 0 0 0
    1361    1348    1349    1362  0 0 0 0
    1360    1347    1348    1361  0 0 0 0
    1359    1346    1347    1360  0 0 0 0
    1358    1345    1346    1359  0 0 0 0
    1357    1344    1345    1358  0 0 0 0
    1356    1343    1344    1357  0 0 0 0
    1355    1342    1343    1356  0 0 0 0
    1354    1341    1342    1355  0 0 0 0
    1353    1340    1341    1354  0 0 0 0
    1351    1338    1339    1352  0 0 0 0
    1350    1337    1338    1351  0 0 0 0
    1349    1336    1337    1350  0 0 0 0
    1348    1335    1336    1349  0 0 0 0
    1347    1334    1335    1348  0 0 0 0
    1346    1333    1334    1347  0 0 0 0
    1345    1332    1333    1346  0 0 0 0
    1344    1331    1332    1345  0 0 0 0
    1343    1330    1331    1344  0 0 0 0
    1342    1329    1330    1343  0 0 0 0
    1341    1328    1329    1342  0 0 0 0
    1340    1327    1328    1341  0 0 0 0
    1338    1325    1326    1339  0 0 0 0
    1337    1324    1325    1338  0 0 0 0
    1336    1323    1324    1337  0 0 0 0
    1335    1322    1323    1336  0 0 0 0
    1334    1321    1322    1335  0 0 0 0
    1333    1320    1321    1334  0 0 0 0
    1332    1319    1320    1333  0 0 0 0
    1331    1318    1319    1332  0 0 0 0
    1330    1317    1318    1331  0 0 0 0
    1329    1316    1317    1330  0 0 0 0
    1328    1315    1316    1329  0 0 0 0
    1327    1314    1315    1328  0 0 0 0
    1325    1312    1313    1326  0 0 0 0
    1324    1311    1312    1325  0 0 0 0
    1323    1310    1311    1324  0 0 0 0
    1322    1309    1310    1323  0 0 0 0
    1321    1308    1309    1322  0 0 0 0
    1320    1307    1308    1321  0 0 0 0
    1319    1306    1307    1320  0 0 0 0
    1318    1305    1306    1319  0 0 0 0
    1317    1304    1305    1318  0 0 0 0
    1316    1303    1304    1317  0 0 0 0
    1315    1302    1303    1316  0 0 0 0
    1314    1301    1302    1315  0 0 0 0
    1312    1299    1300    1313  0 0 0 0
    1311    1298    1299    1312  0 0 0 0
    1310    1297    1298    1311  0 0 0 0
    1309    1296    1297    1310  0 0 0 0
    1308    1295    1296    1309  0 0 0 0
    1307    1294    1295    1308  0 0 0 0
    1306    1293    1294    1307  0 0 0 0
    1305    1292    1293    1306  0 0 0 0
    1304    1291    1292    1305  0 0 0 0
    1303    1290    1291    1304  0 0 0 0
    1302    1289    1290    1303  0 0 0 0
    1301    1288    1289    1302  0 0 0 0
    1299    1286    1287    1300  0 0 0 0
    1298    1285    1286    1299  0 0 0 0
    1297    1284    1285    1298  0 0 0 0
    1296    1283    1284    1297  0 0 0 0
    1295    1282    1283    1296  0 0 0 0
    1294    1281    1282    1295  0 0 0 0
    1293    1280    1281    1294  0 0 0 0
    1292    1279    1280    1293  0 0 0 0
    1291    1278    1279    1292  0 0 0 0
    1290    1277    1278    1291  0 0 0 0
    1289    1276    1277    1290  0 0 0 0
    1288    1275    1276    1289  0 0 0 0
    1286    1273    1274    1287  0 0 0 0
    1285    1272    1273    1286  0 0 0 0
    1284    1271    1272    1285  0 0 0 0
    1283    1270    1271    1284  0 0 0 0
    1282    1269    1270    1283  0 0 0 0
    1281    1268    1269    1282  0 0 0 0
    1280    1267    1268    1281  0 0 0 0
    1279    1266    1267    1280  0 0 0 0
    1278    1265    1266    1279  0 0 0 0
    1277    1264    1265    1278  0 0 0 0
    1276    1263    1264    1277  0 0 0 0
    1275    1262    1263    1276  0 0 0 0
    1273    1260    1261    1274  0 0 0 0
    1272    1259    1260    1273  0 0 0 0
    1271    1258    1259    1272  0 0 0 0
    1270    1257    1258    1271  0 0 0 0
    1269    1256    1257    1270  0 0 0 0
    1268    1255    1256    1269  0 0 0 0
    1267    1254    1255    1268  0 0 0 0
    1266    1253    1254    1267  0 0 0 0
    1265    1252    1253    1266  0 0 0 0
    1264    1251    1252    1265  0 0 0 0
    1263    1250    1251    1264  0 0 0 0
    1262    1249    1250    1263  0 0 0 0
    1260    1247    1248    1261  0 0 0 0
    1259    1246    1247    1260  0 0 0 0
    1258    1245    1246    1259  0 0 0 0
    1257    1244    1245    1258  0 0 0 0
    1256    1243    1244    1257  0 0 0 0
    1255    1242    1243    1256  0 0 0 0
    1254    1241    1242    1255  0 0 0 0
    1253    1240    1241    1254  0 0 0 0
    1252    1239    1240    1253  0 0 0 0
    1251    1238    1239    1252  0 0 0 0
    1250    1237    1238    1251  0 0 0 0
    1249    1236    1237    1250  0 0 0 0
    1247    1234    1235    1248  0 0 0 0
    1246    1233    1234    1247  0 0 0 0
    1245    1232    1233    1246  0 0 0 0
    1244    1231    1232    1245  0 0 0 0
    1243    1230    1231    1244  0 0 0 0
    1242    1229    1230    1243  0 0 0 0
    1241    1228    1229    1242  0 0 0 0
    1240    1227    1228    1241  0 0 0 0
    1239    1226    1227    1240  0 0 0 0
    1238    1225    1226    1239  0 0 0 0
    1237    1224    1225    1238  0 0 0 0
    1236    1223    1224    1237  0 0 0 0
    1234    1221    1222    1235  0 0 0 0
    1233    1220    1221    1234  0 0 0 0
    1232    1219    1220    1233  0 0 0 0
    1231    1218    1219    1232  0 0 0 0
    1230    1217    1218    1231  0 0 0 0
    1229    1216    1217    1230  0 0 0 0
    1228    1215    1216    1229  0 0 0 0
    1227    1214    1215    1228  0 0 0 0
    1226    1213    1214    1227  0 0 0 0
    1225    1212    1213    1226  0 0 0 0
    1224    1211    1212    1225  0 0 0 0
    1223    1210    1211    1224  0 0 0 0
    1221    1208    1209    1222  0 0 0 0
    1220    1207    1208    1221  0 0 0 0
    1219    1206    1207    1220  0 0 0 0
    1218    1205    1206    1219  0 0 0 0
    1217    1204    1205    1218  0 0 0 0
    1216    1203    1204    1217  0 0 0 0
    1215    1202    1203    1216  0 0 0 0
    1214    1201    1202    1215  0 0 0 0
    1213    1200    1201    1214  0 0 0 0
    1212    1199    1200    1213  0 0 0 0
    1211    1198    1199    1212  0 0 0 0
    1210    1197    1198    1211  0 0 0 0
    1208    1195    1196    1209  0 0 0 0
    1207    1194    1195    1208  0 0 0 0
    1206    1193    1194    1207  0 0 0 0
    1205    1192    1193    1206  0 0 0 0
    1204    1191    1192    1205  0 0 0 0
    1203    1190    1191    1204  0 0 0 0
    1202    1189    1190    1203  0 0 0 0
    1201    1188    1189    1202  0 0 0 0
    1200    1187    1188    1201  0 0 0 0
    1199    1186    1187    1200  0 0 0 0
    1198    1185    1186    1199  0 0 0 0
    1197    1184    1185    1198  0 0 0 0
    1195    1182    1183    1196  0 0 0 0
    1194    1181    1182    1195  0 0 0 0
    1193    1180    1181    1194  0 0 0 0
    1192    1179    1180    1193  0 0 0 0
    1191    1178    1179    1192  0 0 0 0
    1190    1177    1178    1191  0 0 0 0
    1189    1176    1177    1190  0 0 0 0
    1188    1175    1176    1189  0 0 0 0
    1187    1174    1175    1188  0 0 0 0
    1186    1173    1174    1187  0 0 0 0
    1185    1172    1173    1186  0 0 0 0
    1184    1171    1172    1185  0 0 0 0
    1182    1169    1170    1183  0 0 0 0
    1181    1168    1169    1182  0 0 0 0
    1180    1167    1168    1181  0 0 0 0
    1179    1166    1167    1180  0 0 0 0
    1178    1165    1166    1179  0 0 0 0
    1177    1164    1165    1178  0 0 0 0
    1176    1163    1164    1177  0 0 0 0
    1175    1162    1163    1176  0 0 0 0
    1174    1161    1162    1175  0 0 0 0
    1173    1160    1161    1174  0 0 0 0
    1172    1159    1160    1173  0 0 0 0
    1171    1158    1159    1172  0 0 0 0
    1169    1156    1157    1170  0 0 0 0
    1168    1155    1156    1169  0 0 0 0
    1167    1154    1155    1168  0 0 0 0
    1166    1153    1154    1167  0 0 0 0
    1165    1152    1153    1166  0 0 0 0
    1164    1151    1152    1165  0 0 0 0
    1163    1150    1151    1164  0 0 0 0
    1162    1149    1150    1163  0 0 0 0
    1161    1148    1149    1162  0 0 0 0
    1160    1147    1148    1161  0 0 0 0
    1159    1146    1147    1160  0 0 0 0
    1158    1145    1146    1159  0 0 0 0
    1156    1143    1144    1157  0 0 0 0
    1155    1142    1143    1156  0 0 0 0
    1154    1141    1142    1155  0 0 0 0
    1153    1140    1141    1154  0 0 0 0
    1152    1139    1140    1153  0 0 0 0
    1151    1138    1139    1152  0 0 0 0
    1150    1137    1138    1151  0 0 0 0
    1149    1136    1137    1150  0 0 0 0
    1148    1135    1136    1149  0 0 0 0
    1147    1134    1135    1148  0 0 0 0
    1146    1133    1134    1147  0 0 0 0
    1145    1132    1133    1146  0 0 0 0
    1143    1130    1131    1144  0 0 0 0
    1142    1129    1130    1143  0 0 0 0
    1141    1128    1129    1142  0 0 0 0
    1140    1127    1128    1141  0 0 0 0
    1139    1126    1127    1140  0 0 0 0
    1138    1125    1126    1139  0 0 0 0
    1137    1124    1125    1138  0 0 0 0
    1136    1123    1124    1137  0 0 0 0
    1135    1122    1123    1136  0 0 0 0
    1134    1121    1122    1135  0 0 0 0
    1133    1120    1121    1134  0 0 0 0
    1132    1119    1120    1133  0 0 0 0
    1130    1117    1118    1131  0 0 0 0
    1129    1116    1117    1130  0 0 0 0
    1128    1115    1116    1129  0 0 0 0
    1127    1114    1115    1128  0 0 0 0
    1126    1113    1114    1127  0 0 0 0
    1125    1112    1113    1126  0 0 0 0
    1124    1111    1112    1125  0 0 0 0
    1123    1110    1111    1124  0 0 0 0
    1122    1109    1110    1123  0 0 0 0
    1121    1108    1109    1122  0 0 0 0
    1120    1107    1108    1121  0 0 0 0
    1119    1106    1107    1120  0 0 0 0
    1117    1104    1105    1118  0 0 0 0
    1116    1103    1104    1117  0 0 0 0
    1115    1102    1103    1116  0 0 0 0
    1114    1101    1102    1115  0 0 0 0
    1113    1100    1101    1114  0 0 0 0
    1112    1099    1100    1113  0 0 0 0
    1111    1098    1099    1112  0 0 0 0
    1110    1097    1098    1111  0 0 0 0
    1109    1096    1097    1110  0 0 0 0
    1108    1095    1096    1109  0 0 0 0
    1107    1094    1095    1108  0 0 0 0
    1106    1093    1094    1107  0 0 0 0
    1104    1091    1092    1105  0 0 0 0
    1103    1090    1091    1104  0 0 0 0
    1102    1089    1090    1103  0 0 0 0
    1101    1088    1089    1102  0 0 0 0
    1100    1087    1088    1101  0 0 0 0
    1099    1086    1087    1100  0 0 0 0
    1098    1085    1086    1099  0 0 0 0
    1097    1084    1085    1098  0 0 0 0
    1096    1083    1084    1097  0 0 0 0
    1095    1082    1083    1096  0 0 0 0
    1094    1081    1082    1095  0 0 0 0
    1093    1080    1081    1094  0 0 0 0
    1091    1078    1079    1092  0 0 0 0
    1090    1077    1078    1091  0 0 0 0
    1089    1076    1077    1090  0 0 0 0
    1088    1075    1076    1089  0 0 0 0
    1087    1074    1075    1088  0 0 0 0
    1086    1073    1074    1087  0 0 0 0
    1085    1072    1073    1086  0 0 0 0
    1084    1071    1072    1085  0 0 0 0
    1083    1070    1071    1084  0 0 0 0
    1082    1069    1070    1083  0 0 0 0
    1081    1068    1069    1082  0 0 0 0
    1080    1067    1068    1081  0 0 0 0
    1078    1065    1066    1079  0 0 0 0
    1077    1064    1065    1078  0 0 0 0
    1076    1063    1064    1077  0 0 0 0
    1075    1062    1063    1076  0 0 0 0
    1074    1061    1062    1075  0 0 0 0
    1073    1060    1061    1074  0 0 0 0
    1072    1059    1060    1073  0 0 0 0
    1071    1058    1059    1072  0 0 0 0
    1070    1057    1058    1071  0 0 0 0
    1069    1056    1057    1070  0 0 0 0
    1068    1055    1056    1069  0 0 0 0
    1067    1054    1055    1068  0 0 0 0
    1065    1052    1053    1066  0 0 0 0
    1064    1051    1052    1065  0 0 0 0
    1063    1050    1051    1064  0 0 0 0
    1062    1049    1050    1063  0 0 0 0
    1061    1048    1049    1062  0 0 0 0
    1060    1047    1048    1061  0 0 0 0
    1059    1046    1047    1060  0 0 0 0
    1058    1045    1046    1059  0 0 0 0
    1057    1044    1045    1058  0 0 0 0
    1056    1043    1044    1057  0 0 0 0
    1055    1042    1043    1056  0 0 0 0
    1054    1041    1042    1055  0 0 0 0
    1052    1039    1040    1053  0 0 0 0
    1051    1038    1039    1052  0 0 0 0
    1050    1037    1038    1051  0 0 0 0
    1049    1036    1037    1050  0 0 0 0
    1048    1035    1036    1049  0 0 0 0
    1047    1034    1035    1048  0 0 0 0
    1046    1033    1034    1047  0 0 0 0
    1045    1032    1033    1046  0 0 0 0
    1044    1031    1032    1045  0 0 0 0
    1043    1030    1031    1044  0 0 0 0
    1042    1029    1030    1043  0 0 0 0
    1041    1028    1029    1042  0 0 0 0
    1039    1026    1027    1040  0 0 0 0
    1038    1025    1026    1039  0 0 0 0
    1037    1024    1025    1038  0 0 0 0
    1036    1023    1024    1037  0 0 0 0
    1035    1022    1023    1036  0 0 0 0
    1034    1021    1022    1035  0 0 0 0
    1033    1020    1021    1034  0 0 0 0
    1032    1019    1020    1033  0 0 0 0
    1031    1018    1019    1032  0 0 0 0
    1030    1017    1018    1031  0 0 0 0
    1029    1016    1017    1030  0 0 0 0
    1028    1015    1016    1029  0 0 0 0
    1026    1013    1014    1027  0 0 0 0
    1025    1012    1013    1026  0 0 0 0
    1024    1011    1012    1025  0 0 0 0
    1023    1010    1011    1024  0 0 0 0
    1022    1009    1010    1023  0 0 0 0
    1021    1008    1009    1022  0 0 0 0
    1020    1007    1008    1021  0 0 0 0
    1019    1006    1007    1020  0 0 0 0
    1018    1005    1006    1019  0 0 0 0
    1017    1004    1005    1018  0 0 0 0
    1016    1003    1004    1017  0 0 0 0
    1015    1002    1003    1016  0 0 0 0
    1013    1000    1001    1014  0 0 0 0
    1012     999    1000    1013  0 0 0 0
    1011     998     999    1012  0 0 0 0
    1010     997     998    1011  0 0 0 0
    1009     996     997    1010  0 0 0 0
    1008     995     996    1009  0 0 0 0
    1007     994     995    1008  0 0 0 0
    1006     993     994    1007  0 0 0 0
    1005     992     993    1006  0 0 0 0
    1004     991     992    1005  0 0 0 0
    1003     990     991    1004  0 0 0 0
    1002     989     990    1003  0 0 0 0
    1000     987     988    1001  0 0 0 0
     999     986     987    1000  0 0 0 0
     998     985     986     999  0 0 0 0
     997     984     985     998  0 0 0 0
     996     983     984     997  0 0 0 0
     995     982     983     996  0 0 0 0
     994     981     982     995  0 0 0 0
     993     980     981     994  0 0 0 0
     992     979     980     993  0 0 0 0
     991     978     979     992  0 0 0 0
     990     977     978     991  0 0 0 0
     989     976     977     990  0 0 0 0
     987     974     975     988  0 0 0 0
     986     973     974     987  0 0 0 0
     985     972     973     986  0 0 0 0
     984     971     972     985  0 0 0 0
     983     970     971     984  0 0 0 0
     982     969     970     983  0 0 0 0
     981     968     969     982  0 0 0 0
     980     967     968     981  0 0 0 0
     979     966     967     980  0 0 0 0
     978     965     966     979  0 0 0 0
     977     964     965     978  0 0 0 0
     976     963     964     977  0 0 0 0
     974     961     962     975  0 0 0 0
     973     960     961     974  0 0 0 0
     972     959     960     973  0 0 0 0
     971     958     959     972  0 0 0 0
     970     957     958     971  0 0 0 0
     969     956     957     970  0 0 0 0
     968     955     956     969  0 0 0 0
     967     954     955     968  0 0 0 0
     966     953     954     967  0 0 0 0
     965     952     953     966  0 0 0 0
     964     951     952     965  0 0 0 0
     963     950     951     964  0 0 0 0
     961     948     949     962  0 0 0 0
     960     947     948     961  0 0 0 0
     959     946     947     960  0 0 0 0
     958     945     946     959  0 0 0 0
     957     944     945     958  0 0 0 0
     956     943     944     957  0 0 0 0
     955     942     943     956  0 0 0 0
     954     941     942     955  0 0 0 0
     953     940     941     954  0 0 0 0
     952     939     940     953  0 0 0 0
     951     938     939     952  0 0 0 0
     950     937     938     951  0 0 0 0
     948     935     936     949  0 0 0 0
     947     934     935     948  0 0 0 0
     946     933     934     947  0 0 0 0
     945     932     933     946  0 0 0 0
     944     931     932     945  0 0 0 0
     943     930     931     944  0 0 0 0
     942     929     930     943  0 0 0 0
     941     928     929     942  0 0 0 0
     940     927     928     941  0 0 0 0
     939     926     927     940  0 0 0 0
     938     925     926     939  0 0 0 0
     937     924     925     938  0 0 0 0
     935     922     923     936  0 0 0 0
     934     921     922     935  0 0 0 0
     933     920     921     934  0 0 0 0
     932     919     920     933  0 0 0 0
     931     918     919     932  0 0 0 0
     930     917     918     931  0 0 0 0
     929     916     917     930  0 0 0 0
     928     915     916     929  0 0 0 0
     927     914     915     928  0 0 0 0
     926     913     914     927  0 0 0 0
     925     912     913     926  0 0 0 0
     924     911     912     925  0 0 0 0
     922     909     910     923  0 0 0 0
     921     908     909     922  0 0 0 0
     920     907     908     921  0 0 0 0
     919     906     907     920  0 0 0 0
     918     905     906     919  0 0 0 0
     917     904     905     918  0 0 0 0
     916     903     904     917  0 0 0 0
     915     902     903     916  0 0 0 0
     914     901     902     915  0 0 0 0
     913     900     901     914  0 0 0 0
     912     899     900     913  0 0 0 0
     911     898     899     912  0 0 0 0
     909     896     897     910  0 0 0 0
     908     895     896     909  0 0 0 0
     907     894     895     908  0 0 0 0
     906     893     894     907  0 0 0 0
     905     892     893     906  0 0 0 0
     904     891     892     905  0 0 0 0
     903     890     891     904  0 0 0 0
     902     889     890     903  0 0 0 0
     901     888     889     902  0 0 0 0
     900     887     888     901  0 0 0 0
     899     886     887     900  0 0 0 0
     898     885     886     899  0 0 0 0
     896     883     884     897  0 0 0 0
     895     882     883     896  0 0 0 0
     894     881     882     895  0 0 0 0
     893     880     881     894  0 0 0 0
     892     879     880     893  0 0 0 0
     891     878     879     892  0 0 0 0
     890     877     878     891  0 0 0 0
     889     876     877     890  0 0 0 0
     888     875     876     889  0 0 0 0
     887     874     875     888  0 0 0 0
     886     873     874     887  0 0 0 0
     885     872     873     886  0 0 0 0
     883     870     871     884  0 0 0 0
     882     869     870     883  0 0 0 0
     881     868     869     882  0 0 0 0
     880     867     868     881  0 0 0 0
     879     866     867     880  0 0 0 0
     878     865     866     879  0 0 0 0
     877     864     865     878  0 0 0 0
     876     863     864     877  0 0 0 0
     875     862     863     876  0 0 0 0
     874     861     862     875  0 0 0 0
     873     860     861     874  0 0 0 0
     872     859     860     873  0 0 0 0
     870     857     858     871  0 0 0 0
     869     856     857     870  0 0 0 0
     868     855     856     869  0 0 0 0
     867     854     855     868  0 0 0 0
     866     853     854     867  0 0 0 0
     865     852     853     866  0 0 0 0
     864     851     852     865  0 0 0 0
     863     850     851     864  0 0 0 0
     862     849     850     863  0 0 0 0
     861     848     849     862  0 0 0 0
     860     847     848     861  0 0 0 0
     859     846     847     860  0 0 0 0
     857     844     845     858  0 0 0 0
     856     843     844     857  0 0 0 0
     855     842     843     856  0 0 0 0
     854     841     842     855  0 0 0 0
     853     840     841     854  0 0 0 0
     852     839     840     853  0 0 0 0
     851     838     839     852  0 0 0 0
     850     837     838     851  0 0 0 0
     849     836     837     850  0 0 0 0
     848     835     836     849  0 0 0 0
     847     834     835     848  0 0 0 0
     846     833     834     847  0 0 0 0
     844     831     832     845  0 0 0 0
     843     830     831     844  0 0 0 0
     842     829     830     843  0 0 0 0
     841     828     829     842  0 0 0 0
     840     827     828     841  0 0 0 0
     839     826     827     840  0 0 0 0
     838     825     826     839  0 0 0 0
     837     824     825     838  0 0 0 0
     836     823     824     837  0 0 0 0
     835     822     823     836  0 0 0 0
     834     821     822     835  0 0 0 0
     833     820     821     834  0 0 0 0
     831     818     819     832  0 0 0 0
     830     817     818     831  0 0 0 0
     829     816     817     830  0 0 0 0
     828     815     816     829  0 0 0 0
     827     814     815     828  0 0 0 0
     826     813     814     827  0 0 0 0
     825     812     813     826  0 0 0 0
     824     811     812     825  0 0 0 0
     823     810     811     824  0 0 0 0
     822     809     810     823  0 0 0 0
     821     808     809     822  0 0 0 0
     820     807     808     821  0 0 0 0
     818     805     806     819  0 0 0 0
     817     804     805     818  0 0 0 0
     816     803     804     817  0 0 0 0
     815     802     803     816  0 0 0 0
     814     801     802     815  0 0 0 0
     813     800     801     814  0 0 0 0
     812     799     800     813  0 0 0 0
     811     798     799     812  0 0 0 0
     810     797     798     811  0 0 0 0
     809     796     797     810  0 0 0 0
     808     795     796     809  0 0 0 0
     807     794     795     808  0 0 0 0
     805     792     793     806  0 0 0 0
     804     791     792     805  0 0 0 0
     803     790     791     804  0 0 0 0
     802     789     790     803  0 0 0 0
     801     788     789     802  0 0 0 0
     800     787     788     801  0 0 0 0
     799     786     787     800  0 0 0 0
     798     785     786     799  0 0 0 0
     797     784     785     798  0 0 0 0
     796     783     784     797  0 0 0 0
     795     782     783     796  0 0 0 0
     794     781     782     795  0 0 0 0
     792     779     780     793  0 0 0 0
     791     778     779     792  0 0 0 0
     790     777     778     791  0 0 0 0
     789     776     777     790  0 0 0 0
     788     775     776     789  0 0 0 0
     787     774     775     788  0 0 0 0
     786     773     774     787  0 0 0 0
     785     772     773     786  0 0 0 0
     784     771     772     785  0 0 0 0
     783     770     771     784  0 0 0 0
     782     769     770     783  0 0 0 0
     781     768     769     782  0 0 0 0
     779     766     767     780  0 0 0 0
     778     765     766     779  0 0 0 0
     777     764     765     778  0 0 0 0
     776     763     764     777  0 0 0 0
     775     762     763     776  0 0 0 0
     774     761     762     775  0 0 0 0
     773     760     761     774  0 0 0 0
     772     759     760     773  0 0 0 0
     771     758     759     772  0 0 0 0
     770     757     758     771  0 0 0 0
     769     756     757     770  0 0 0 0
     768     755     756     769  0 0 0 0
     766     753     754     767  0 0 0 0
     765     752     753     766  0 0 0 0
     764     751     752     765  0 0 0 0
     763     750     751     764  0 0 0 0
     762     749     750     763  0 0 0 0
     761     748     749     762  0 0 0 0
     760     747     748     761  0 0 0 0
     759     746     747     760  0 0 0 0
     758     745     746     759  0 0 0 0
     757     744     745     758  0 0 0 0
     756     743     744     757  0 0 0 0
     755     742     743     756  0 0 0 0
     753     740     741     754  0 0 0 0
     752     739     740     753  0 0 0 0
     751     738     739     752  0 0 0 0
     750     737     738     751  0 0 0 0
     749     736     737     750  0 0 0 0
     748     735     736     749  0 0 0 0
     747     734     735     748  0 0 0 0
     746     733     734     747  0 0 0 0
     745     732     733     746  0 0 0 0
     744     731     732     745  0 0 0 0
     743     730     731     744  0 0 0 0
     742     729     730     743  0 0 0 0
     740     727     728     741  0 0 0 0
     739     726     727     740  0 0 0 0
     738     725     726     739  0 0 0 0
     737     724     725     738  0 0 0 0
     736     723     724     737  0 0 0 0
     735     722     723     736  0 0 0 0
     734     721     722     735  0 0 0 0
     733     720     721     734  0 0 0 0
     732     719     720     733  0 0 0 0
     731     718     719     732  0 0 0 0
     730     717     718     731  0 0 0 0
     729     716     717     730  0 0 0 0
     727     714     715     728  0 0 0 0
     726     713     714     727  0 0 0 0
     725     712     713     726  0 0 0 0
     724     711     712     725  0 0 0 0
     723     710     711     724  0 0 0 0
     722     709     710     723  0 0 0 0
     721     708     709     722  0 0 0 0
     720     707     708     721  0 0 0 0
     719     706     707     720  0 0 0 0
     718     705     706     719  0 0 0 0
     717     704     705     718  0 0 0 0
     716     703     704     717  0 0 0 0
     714     701     702     715  0 0 0 0
     713     700     701     714  0 0 0 0
     712     699     700     713  0 0 0 0
     711     698     699     712  0 0 0 0
     710     697     698     711  0 0 0 0
     709     696     697     710  0 0 0 0
     708     695     696     709  0 0 0 0
     707     694     695     708  0 0 0 0
     706     693     694     707  0 0 0 0
     705     692     693     706  0 0 0 0
     704     691     692     705  0 0 0 0
     703     690     691     704  0 0 0 0
     701     688     689     702  0 0 0 0
     700     687     688     701  0 0 0 0
     699     686     687     700  0 0 0 0
     698     685     686     699  0 0 0 0
     697     684     685     698  0 0 0 0
     696     683     684     697  0 0 0 0
     695     682     683     696  0 0 0 0
     694     681     682     695  0 0 0 0
     693     680     681     694  0 0 0 0
     692     679     680     693  0 0 0 0
     691     678     679     692  0 0 0 0
     690     677     678     691  0 0 0 0
     688     675     676     689  0 0 0 0
     687     674     675     688  0 0 0 0
     686     673     674     687  0 0 0 0
     685     672     673     686  0 0 0 0
     684     671     672     685  0 0 0 0
     683     670     671     684  0 0 0 0
     682     669     670     683  0 0 0 0
     681     668     669     682  0 0 0 0
     680     667     668     681  0 0 0 0
     679     666     667     680  0 0 0 0
     678     665     666     679  0 0 0 0
     677     664     665     678  0 0 0 0
     675     662     663     676  0 0 0 0
     674     661     662     675  0 0 0 0
     673     660     661     674  0 0 0 0
     672     659     660     673  0 0 0 0
     671     658     659     672  0 0 0 0
     670     657     658     671  0 0 0 0
     669     656     657     670  0 0 0 0
     668     655     656     669  0 0 0 0
     667     654     655     668  0 0 0 0
     666     653     654     667  0 0 0 0
     665     652     653     666  0 0 0 0
     664     651     652     665  0 0 0 0
     662     649     650     663  0 0 0 0
     661     648     649     662  0 0 0 0
     660     647     648     661  0 0 0 0
     659     646     647     660  0 0 0 0
     658     645     646     659  0 0 0 0
     657     644     645     658  0 0 0 0
     656     643     644     657  0 0 0 0
     655     642     643     656  0 0 0 0
     654     641     642     655  0 0 0 0
     653     640     641     654  0 0 0 0
     652     639     640     653  0 0 0 0
     651     638     639     652  0 0 0 0
     649     636     637     650  0 0 0 0
     648     635     636     649  0 0 0 0
     647     634     635     648  0 0 0 0
     646     633     634     647  0 0 0 0
     645     632     633     646  0 0 0 0
     644     631     632     645  0 0 0 0
     643     630     631     644  0 0 0 0
     642     629     630     643  0 0 0 0
     641     628     629     642  0 0 0 0
     640     627     628     641  0 0 0 0
     639     626     627     640  0 0 0 0
     638     625     626     639  0 0 0 0
     636     623     624     637  0 0 0 0
     635     622     623     636  0 0 0 0
     634     621     622     635  0 0 0 0
     633     620     621     634  0 0 0 0
     632     619     620     633  0 0 0 0
     631     618     619     632  0 0 0 0
     630     617     618     631  0 0 0 0
     629     616     617     630  0 0 0 0
     628     615     616     629  0 0 0 0
     627     614     615     628  0 0 0 0
     626     612     614     627  0 0 0 0
     625     611     612     626  0 0 0 0
     623     610     613     624  0 0 0 0
     622     609     610     623  0 0 0 0
     621     608     609     622  0 0 0 0
     620     607     608     621  0 0 0 0
     619     606     607     620  0 0 0 0
     618     605     606     619  0 0 0 0
     617     604     605     618  0 0 0 0
     616     603     604     617  0 0 0 0
     615     602     603     616  0 0 0 0
     614     600     602     615  0 0 0 0
     612     599     600     614  0 0 0 0
     611     598     599     612  0 0 0 0
     610     597     601     613  0 0 0 0
     609     596     597     610  0 0 0 0
     608     595     596     609  0 0 0 0
     607     594     595     608  0 0 0 0
     606     593     594     607  0 0 0 0
     605     592     593     606  0 0 0 0
     604     591     592     605  0 0 0 0
     603     590     591     604  0 0 0 0
     602     589     590     603  0 0 0 0
     600     587     589     602  0 0 0 0
     599     586     587     600  0 0 0 0
     598     585     586     599  0 0 0 0
     597     584     588     601  0 0 0 0
     596     583     584     597  0 0 0 0
     595     582     583     596  0 0 0 0
     594     581     582     595  0 0 0 0
     593     580     581     594  0 0 0 0
     592     579     580     593  0 0 0 0
     591     578     579     592  0 0 0 0
     590     577     578     591  0 0 0 0
     589     575     577     590  0 0 0 0
     587     574     575     589  0 0 0 0
     586     573     574     587  0 0 0 0
     585     572     573     586  0 0 0 0
     584     571     576     588  0 0 0 0
     583     570     571     584  0 0 0 0
     582     569     570     583  0 0 0 0
     581     568     569     582  0 0 0 0
     580     567     568     581  0 0 0 0
     579     566     567     580  0 0 0 0
     578     565     566     579  0 0 0 0
     577     564     565     578  0 0 0 0
     575     562     564     577  0 0 0 0
     574     561     562     575  0 0 0 0
     573     560     561     574  0 0 0 0
     572     559     560     573  0 0 0 0
     571     558     563     576  0 0 0 0
     570     557     558     571  0 0 0 0
     569     556     557     570  0 0 0 0
     568     555     556     569  0 0 0 0
     567     554     555     568  0 0 0 0
     566     553     554     567  0 0 0 0
     565     552     553     566  0 0 0 0
     564     550     552     565  0 0 0 0
     562     549     550     564  0 0 0 0
     561     548     549     562  0 0 0 0
     560     547     548     561  0 0 0 0
     559     546     547     560  0 0 0 0
     558     545     551     563  0 0 0 0
     557     544     545     558  0 0 0 0
     556     543     544     557  0 0 0 0
     555     542     543     556  0 0 0 0
     554     541     542     555  0 0 0 0
     553     540     541     554  0 0 0 0
     552     539     540     553  0 0 0 0
     550     537     539     552  0 0 0 0
     549     536     537     550  0 0 0 0
     548     535     536     549  0 0 0 0
     547     534     535     548  0 0 0 0
     546     533     534     547  0 0 0 0
     545     532     538     551  0 0 0 0
     544     531     532     545  0 0 0 0
     543     530     531     544  0 0 0 0
     542     529     530     543  0 0 0 0
     541     528     529     542  0 0 0 0
     540     527     528     541  0 0 0 0
     539     526     527     540  0 0 0 0
     537     524     526     539  0 0 0 0
     536     523     524     537  0 0 0 0
     535     522     523     536  0 0 0 0
     534     521     522     535  0 0 0 0
     533     520     521     534  0 0 0 0
     532     519     525     538  0 0 0 0
     531     518     519     532  0 0 0 0
     530     517     518     531  0 0 0 0
     529     516     517     530  0 0 0 0
     528     515     516     529  0 0 0 0
     527     514     515     528  0 0 0 0
     526     512     514     527  0 0 0 0
     524     511     512     526  0 0 0 0
     523     510     511     524  0 0 0 0
     522     509     510     523  0 0 0 0
     521     507     509     522  0 0 0 0
     520     506     507     521  0 0 0 0
     519     508     513     525  0 0 0 0
     518     505     508     519  0 0 0 0
     517     504     505     518  0 0 0 0
     516     503     504     517  0 0 0 0
     515     502     503     516  0 0 0 0
     514     501     502     515  0 0 0 0
     512     499     501     514  0 0 0 0
     511     498     499     512  0 0 0 0
     510     497     498     511  0 0 0 0
     509     495     497     510  0 0 0 0
     507     494     495     509  0 0 0 0
     506     493     494     507  0 0 0 0
     508     496     500     513  0 0 0 0
     505     492     496     508  0 0 0 0
     504     491     492     505  0 0 0 0
     503     490     491     504  0 0 0 0
     502     489     490     503  0 0 0 0
     501     488     489     502  0 0 0 0
     499     486     488     501  0 0 0 0
     498     485     486     499  0 0 0 0
     497     483     485     498  0 0 0 0
     495     482     483     497  0 0 0 0
     494     481     482     495  0 0 0 0
     493     480     481     494  0 0 0 0
     496     484     487     500  0 0 0 0
     492     479     484     496  0 0 0 0
     491     478     479     492  0 0 0 0
     490     477     478     491  0 0 0 0
     489     476     477     490  0 0 0 0
     488     475     476     489  0 0 0 0
     486     473     475     488  0 0 0 0
     485     472     473     486  0 0 0 0
     483     470     472     485  0 0 0 0
     482     469     470     483  0 0 0 0
     481     468     469     482  0 0 0 0
     480     467     468     481  0 0 0 0
     484     471     474     487  0 0 0 0
     479     466     471     484  0 0 0 0
     478     465     466     479  0 0 0 0
     477     464     465     478  0 0 0 0
     476     463     464     477  0 0 0 0
     475     461     463     476  0 0 0 0
     473     460     461     475  0 0 0 0
     472     459     460     473  0 0 0 0
     470     457     459     472  0 0 0 0
     469     456     457     470  0 0 0 0
     468     455     456     469  0 0 0 0
     467     454     455     468  0 0 0 0
     471     458     462     474  0 0 0 0
     466     453     458     471  0 0 0 0
     465     452     453     466  0 0 0 0
     464     451     452     465  0 0 0 0
     463     450     451     464  0 0 0 0
     461     448     450     463  0 0 0 0
     460     447     448     461  0 0 0 0
     459     445     447     460  0 0 0 0
     457     444     445     459  0 0 0 0
     456     443     444     457  0 0 0 0
     455     442     443     456  0 0 0 0
     454     441     442     455  0 0 0 0
     458     446     449     462  0 0 0 0
     453     440     446     458  0 0 0 0
     452     439     440     453  0 0 0 0
     451     438     439     452  0 0 0 0
     450     437     438     451  0 0 0 0
     448     435     437     450  0 0 0 0
     447     434     435     448  0 0 0 0
     445     432     434     447  0 0 0 0
     444     431     432     445  0 0 0 0
     443     430     431     444  0 0 0 0
     442     429     430     443  0 0 0 0
     441     427     429     442  0 0 0 0
     446     433     436     449  0 0 0 0
     440     428     433     446  0 0 0 0
     439     426     428     440  0 0 0 0
     438     425     426     439  0 0 0 0
     437     424     425     438  0 0 0 0
     435     422     424     437  0 0 0 0
     434     421     422     435  0 0 0 0
     432     419     421     434  0 0 0 0
     431     418     419     432  0 0 0 0
     430     417     418     431  0 0 0 0
     429     415     417     430  0 0 0 0
     427     414     415     429  0 0 0 0
     433     420     423     436  0 0 0 0
     428     416     420     433  0 0 0 0
     426     413     416     428  0 0 0 0
     425     412     413     426  0 0 0 0
     424     410     412     425  0 0 0 0
     422     409     410     424  0 0 0 0
     421     407     409     422  0 0 0 0
     419     406     407     421  0 0 0 0
     418     405     406     419  0 0 0 0
     417     403     405     418  0 0 0 0
     415     402     403     417  0 0 0 0
     414     401     402     415  0 0 0 0
     420     408     411     423  0 0 0 0
     416     404     408     420  0 0 0 0
     413     400     404     416  0 0 0 0
     412     399     400     413  0 0 0 0
     410     397     399     412  0 0 0 0
     409     396     397     410  0 0 0 0
     407     394     396     409  0 0 0 0
     406     393     394     407  0 0 0 0
     405     391     393     406  0 0 0 0
     403     390     391     405  0 0 0 0
     402     389     390     403  0 0 0 0
     401     388     389     402  0 0 0 0
     408     395     398     411  0 0 0 0
     404     392     395     408  0 0 0 0
     400     387     392     404  0 0 0 0
     399     386     387     400  0 0 0 0
     397     384     386     399  0 0 0 0
     396     383     384     397  0 0 0 0
     394     381     383     396  0 0 0 0
     393     380     381     394  0 0 0 0
     391     378     380     393  0 0 0 0
     390     377     378     391  0 0 0 0
     389     376     377     390  0 0 0 0
     388     375     376     389  0 0 0 0
     395     382     385     398  0 0 0 0
     392     379     382     395  0 0 0 0
     387     374     379     392  0 0 0 0
     386     373     374     387  0 0 0 0
     384     371     373     386  0 0 0 0
     383     369     371     384  0 0 0 0
     381     368     369     383  0 0 0 0
     380     367     368     381  0 0 0 0
     378     365     367     380  0 0 0 0
     377     364     365     378  0 0 0 0
     376     363     364     377  0 0 0 0
     375     362     363     376  0 0 0 0
     382     370     372     385  0 0 0 0
     379     366     370     382  0 0 0 0
     374     361     366     379  0 0 0 0
     373     360     361     374  0 0 0 0
     371     358     360     373  0 0 0 0
     369     356     358     371  0 0 0 0
     368     355     356     369  0 0 0 0
     367     353     355     368  0 0 0 0
     365     352     353     367  0 0 0 0
     364     351     352     365  0 0 0 0
     363     350     351     364  0 0 0 0
     362     349     350     363  0 0 0 0
     370     357     359     372  0 0 0 0
     366     354     357     370  0 0 0 0
     361     348     354     366  0 0 0 0
     360     346     348     361  0 0 0 0
     358     345     346     360  0 0 0 0
     356     343     345     358  0 0 0 0
     355     342     343     356  0 0 0 0
     353     340     342     355  0 0 0 0
     352     339     340     353  0 0 0 0
     351     338     339     352  0 0 0 0
     350     336     338     351  0 0 0 0
     349     335     336     350  0 0 0 0
     357     344     347     359  0 0 0 0
     354     341     344     357  0 0 0 0
     348     337     341     354  0 0 0 0
     346     333     337     348  0 0 0 0
     345     332     333     346  0 0 0 0
     343     330     332     345  0 0 0 0
     342     329     330     343  0 0 0 0
     340     327     329     342  0 0 0 0
     339     326     327     340  0 0 0 0
     338     324     326     339  0 0 0 0
     336     323     324     338  0 0 0 0
     335     322     323     336  0 0 0 0
     344     331     334     347  0 0 0 0
     341     328     331     344  0 0 0 0
     337     325     328     341  0 0 0 0
     333     320     325     337  0 0 0 0
     332     319     320     333  0 0 0 0
     330     317     319     332  0 0 0 0
     329     315     317     330  0 0 0 0
     327     314     315     329  0 0 0 0
     326     313     314     327  0 0 0 0
     324     311     313     326  0 0 0 0
     323     309     311     324  0 0 0 0
     322     308     309     323  0 0 0 0
     331     318     321     334  0 0 0 0
     328     316     318     331  0 0 0 0
     325     312     316     328  0 0 0 0
     320     307     312     325  0 0 0 0
     319     305     307     320  0 0 0 0
     317     304     305     319  0 0 0 0
     315     302     304     317  0 0 0 0
     314     301     302     315  0 0 0 0
     313     298     301     314  0 0 0 0
     311     297     298     313  0 0 0 0
     309     296     297     311  0 0 0 0
     308     295     296     309  0 0 0 0
     318     306     310     321  0 0 0 0
     316     303     306     318  0 0 0 0
     312     300     303     316  0 0 0 0
     307     294     300     312  0 0 0 0
     305     292     294     307  0 0 0 0
     304     291     292     305  0 0 0 0
     302     289     291     304  0 0 0 0
     301     288     289     302  0 0 0 0
     298     285     288     301  0 0 0 0
     297     284     285     298  0 0 0 0
     296     283     284     297  0 0 0 0
     295     282     283     296  0 0 0 0
     306     293     299     310  0 0 0 0
     303     290     293     306  0 0 0 0
     300     286     290     303  0 0 0 0
     294     281     286     300  0 0 0 0
     292     279     281     294  0 0 0 0
     291     277     279     292  0 0 0 0
     289     276     277     291  0 0 0 0
     288     273     276     289  0 0 0 0
     285     272     273     288  0 0 0 0
     284     271     272     285  0 0 0 0
     283     269     271     284  0 0 0 0
     282     268     269     283  0 0 0 0
     293     280     287     299  0 0 0 0
     290     278     280     293  0 0 0 0
     286     274     278     290  0 0 0 0
     281     270     274     286  0 0 0 0
     279     266     270     281  0 0 0 0
     277     264     266     279  0 0 0 0
     276     262     264     277  0 0 0 0
     273     260     262     276  0 0 0 0
     272     259     260     273  0 0 0 0
     271     256     259     272  0 0 0 0
     269     255     256     271  0 0 0 0
     268     254     255     269  0 0 0 0
     280     267     275     287  0 0 0 0
     278     265     267     280  0 0 0 0
     274     261     265     278  0 0 0 0
     270     257     261     274  0 0 0 0
     266     253     257     270  0 0 0 0
     264     251     253     266  0 0 0 0
     262     249     251     264  0 0 0 0
     260     247     249     262  0 0 0 0
     259     245     247     260  0 0 0 0
     256     243     245     259  0 0 0 0
     255     242     243     256  0 0 0 0
     254     241     242     255  0 0 0 0
     267     258     263     275  0 0 0 0
     265     252     258     267  0 0 0 0
     261     248     252     265  0 0 0 0
     257     244     248     261  0 0 0 0
     253     240     244     257  0 0 0 0
     251     237     240     253  0 0 0 0
     249     235     237     251  0 0 0 0
     247     233     235     249  0 0 0 0
     245     231     233     247  0 0 0 0
     243     230     231     245  0 0 0 0
     242     229     230     243  0 0 0 0
     241     228     229     242  0 0 0 0
     258     246     250     263  0 0 0 0
     252     239     246     258  0 0 0 0
     248     236     239     252  0 0 0 0
     244     232     236     248  0 0 0 0
     240     226     232     244  0 0 0 0
     237     224     226     240  0 0 0 0
     235     222     224     237  0 0 0 0
     233     220     222     235  0 0 0 0
     231     218     220     233  0 0 0 0
     230     217     218     231  0 0 0 0
     229     214     217     230  0 0 0 0
     228     213     214     229  0 0 0 0
     246     234     238     250  0 0 0 0
     239     227     234     246  0 0 0 0
     236     223     227     239  0 0 0 0
     232     219     223     236  0 0 0 0
     226     212     219     232  0 0 0 0
     224     211     212     226  0 0 0 0
     222     208     211     224  0 0 0 0
     220     206     208     222  0 0 0 0
     218     204     206     220  0 0 0 0
     217     202     204     218  0 0 0 0
     214     200     202     217  0 0 0 0
     213     199     200     214  0 0 0 0
     234     221     225     238  0 0 0 0
     227     216     221     234  0 0 0 0
     223     210     216     227  0 0 0 0
     219     207     210     223  0 0 0 0
     212     201     207     219  0 0 0 0
     211     197     201     212  0 0 0 0
     208     195     197     211  0 0 0 0
     206     192     195     208  0 0 0 0
     204     190     192     206  0 0 0 0
     202     188     190     204  0 0 0 0
     200     187     188     202  0 0 0 0
     199     186     187     200  0 0 0 0
     221     209     215     225  0 0 0 0
     216     203     209     221  0 0 0 0
     210     198     203     216  0 0 0 0
     207     193     198     210  0 0 0 0
     201     189     193     207  0 0 0 0
     197     183     189     201  0 0 0 0
     195     181     183     197  0 0 0 0
     192     178     181     195  0 0 0 0
     190     177     178     192  0 0 0 0
     188     174     177     190  0 0 0 0
     187     172     174     188  0 0 0 0
     186     171     172     187  0 0 0 0
     209     196     205     215  0 0 0 0
     203     191     196     209  0 0 0 0
     198     184     191     203  0 0 0 0
     193     180     184     198  0 0 0 0
     189     176     180     193  0 0 0 0
     183     169     176     189  0 0 0 0
     181     166     169     183  0 0 0 0
     178     165     166     181  0 0 0 0
     177     161     165     178  0 0 0 0
     174     159     161     177  0 0 0 0
     172     158     159     174  0 0 0 0
     171     157     158     172  0 0 0 0
     196     185     194     205  0 0 0 0
     191     179     185     196  0 0 0 0
     184     173     179     191  0 0 0 0
     180     167     173     184  0 0 0 0
     176     163     167     180  0 0 0 0
     169     156     163     176  0 0 0 0
     166     153     156     169  0 0 0 0
     165     150     153     166  0 0 0 0
     161     147     150     165  0 0 0 0
     159     146     147     161  0 0 0 0
     158     144     146     159  0 0 0 0
     157     142     144     158  0 0 0 0
     185     175     182     194  0 0 0 0
     179     168     175     185  0 0 0 0
     173     160     168     179  0 0 0 0
     167     154     160     173  0 0 0 0
     163     149     154     167  0 0 0 0
     156     143     149     163  0 0 0 0
     153     138     143     156  0 0 0 0
     150     135     138     153  0 0 0 0
     147     131     135     150  0 0 0 0
     146     130     131     147  0 0 0 0
     144     127     130     146  0 0 0 0
     142     126     127     144  0 0 0 0
     175     164     170     182  0 0 0 0
     168     155     164     175  0 0 0 0
     160     148     155     168  0 0 0 0
     154     139     148     160  0 0 0 0
     149     136     139     154  0 0 0 0
     143     129     136     149  0 0 0 0
     138     123     129     143  0 0 0 0
     135     119     123     138  0 0 0 0
     131     117     119     135  0 0 0 0
     130     112     117     131  0 0 0 0
     127     109     112     130  0 0 0 0
     126     108     109     127  0 0 0 0
     164     152     162     170  0 0 0 0
     155     145     152     164  0 0 0 0
     148     137     145     155  0 0 0 0
     139     128     137     148  0 0 0 0
     136     120     128     139  0 0 0 0
     129     115     120     136  0 0 0 0
     123     106     115     129  0 0 0 0
     119     101     106     123  0 0 0 0
     117      95     101     119  0 0 0 0
     112      94      95     117  0 0 0 0
     109      92      94     112  0 0 0 0
     108      90      92     109  0 0 0 0
     152     140     151     162  0 0 0 0
     145     133     140     152  0 0 0 0
     137     124     133     145  0 0 0 0
     128     116     124     137  0 0 0 0
     120     105     116     128  0 0 0 0
     115      96     105     120  0 0 0 0
     106      88      96     115  0 0 0 0
     101      83      88     106  0 0 0 0
      95      80      83     101  0 0 0 0
      94      75      80      95  0 0 0 0
      92      71      75      94  0 0 0 0
      90      70      71      92  0 0 0 0
     140     132     141     151  0 0 0 0
     133     121     132     140  0 0 0 0
     124     111     121     133  0 0 0 0
     116     100     111     124  0 0 0 0
     105      89     100     116  0 0 0 0
      96      81      89     105  0 0 0 0
      88      73      81      96  0 0 0 0
      83      67      73      88  0 0 0 0
      80      63      67      83  0 0 0 0
      75      59      63      80  0 0 0 0
      71      57      59      75  0 0 0 0
      70      56      57      71  0 0 0 0
     132     122     134     141  0 0 0 0
     121     110     122     132  0 0 0 0
     111      98     110     121  0 0 0 0
     100      84      98     111  0 0 0 0
      89      77      84     100  0 0 0 0
      81      68      77      89  0 0 0 0
      73      60      68      81  0 0 0 0
      67      53      60      73  0 0 0 0
      63      50      53      67  0 0 0 0
      59      45      50      63  0 0 0 0
      57      44      45      59  0 0 0 0
      56      43      44      57  0 0 0 0
     122     114     125     134  0 0 0 0
     110      99     114     122  0 0 0 0
      98      85      99     110  0 0 0 0
      84      76      85      98  0 0 0 0
      77      65      76      84  0 0 0 0
      68      55      65      77  0 0 0 0
      60      48      55      68  0 0 0 0
      53      41      48      60  0 0 0 0
      50      36      41      53  0 0 0 0
      45      35      36      50  0 0 0 0
      44      32      35      45  0 0 0 0
      43      30      32      44  0 0 0 0
     114     103     118     125  0 0 0 0
      99      91     103     114  0 0 0 0
      85      78      91      99  0 0 0 0
      76      66      78      85  0 0 0 0
      65      54      66      76  0 0 0 0
      55      46      54      65  0 0 0 0
      48      38      46      55  0 0 0 0
      41      33      38      48  0 0 0 0
      36      27      33      41  0 0 0 0
      35      24      27      36  0 0 0 0
      32      22      24      35  0 0 0 0
      30      20      22      32  0 0 0 0
     103      97     113     118  0 0 0 0
      91      82      97     103  0 0 0 0
      78      69      82      91  0 0 0 0
      66      58      69      78  0 0 0 0
      54      47      58      66  0 0 0 0
      46      39      47      54  0 0 0 0
      38      31      39      46  0 0 0 0
      33      25      31      38  0 0 0 0
      27      19      25      33  0 0 0 0
      24      17      19      27  0 0 0 0
      22      13      17      24  0 0 0 0
      20      12      13      22  0 0 0 0
      97      93     107     113  0 0 0 0
      82      79      93      97  0 0 0 0
      69      64      79      82  0 0 0 0
      58      52      64      69  0 0 0 0
      47      42      52      58  0 0 0 0
      39      34      42      47  0 0 0 0
      31      26      34      39  0 0 0 0
      25      18      26      31  0 0 0 0
      19      14      18      25  0 0 0 0
      17      10      14      19  0 0 0 0
      13       8      10      17  0 0 0 0
      12       7       8      13  0 0 0 0
      93      87     104     107  0 0 0 0
      79      74      87      93  0 0 0 0
      64      62      74      79  0 0 0 0
      52      51      62      64  0 0 0 0
      42      40      51      52  0 0 0 0
      34      29      40      42  0 0 0 0
      26      23      29      34  0 0 0 0
      18      16      23      26  0 0 0 0
      14      11      16      18  0 0 0 0
      10       6      11      14  0 0 0 0
       8       4       6      10  0 0 0 0
       7       3       4       8  0 0 0 0
      87      86     102     104  0 0 0 0
      74      72      86      87  0 0 0 0
      62      61      72      74  0 0 0 0
      51      49      61      62  0 0 0 0
      40      37      49      51  0 0 0 0
      29      28      37      40  0 0 0 0
      23      21      28      29  0 0 0 0
      16      15      21      23  0 0 0 0
      11       9      15      16  0 0 0 0
       6       5       9      11  0 0 0 0
       4       2       5       6  0 0 0 0
       3       1       2       4  0 0 0 0