  0.0000000E+00  0.0000000E+00  0.0000000E+00  0.0000000E+00  0.1570796E+01  0.1570796E+01  0.1570796E+01
  0.2000000E-02  0.2000000E-04  0.0000000E+00  0.0000000E+00  0.1570796E+01  0.1570796E+01  0.1570796E+01
  0.4000000E-02  0.4000000E-04  0.0000000E+00  0.0000000E+00  0.1570796E+01  0.1570796E+01  0.1570796E+01
  0.6000000E-02  0.6000000E-04  0.0000000E+00  0.0000000E+00  0.1570796E+01  0.1570796E+01  0.1570796E+01
  0.8000000E-02  0.8000000E-04  0.0000000E+00  0.0000000E+00  0.1570796E+01  0.1570796E+01  0.1570796E+01
  0.1000000E-01  0.1000000E-03  0.0000000E+00  0.0000000E+00  0.1570796E+01  0.1570796E+01  0.1570796E+01
  0.1200000E-01  0.1200000E-03  0.0000000E+00  0.0000000E+00  0.1570796E+01  0.1570796E+01  0.1570796E+01
  0.1400000E-01  0.1400000E-03  0.0000000E+00  0.0000000E+00  0.1570796E+01  0.1570796E+01  0.1570796E+01
  0.1600000E-01  0.1600000E-03  0.0000000E+00  0.0000000E+00  0.1570796E+01  0.1570796E+01  0.1570796E+01
  0.1800000E-01  0.1800000E-03  0.0000000E+00  0.0000000E+00  0.1570796E+01  0.1570796E+01  0.1570796E+01
  0.2000000E-01  0.2000000E-03  0.0000000E+00  0.0000000E+00  0.1570796E+01  0.1570796E+01  0.1570796E+01
  0.2200000E-01  0.2200000E-03  0.0000000E+00  0.0000000E+00  0.1570796E+01  0.1570796E+01  0.1570796E+01
  0.2400000E-01  0.2400000E-03  0.0000000E+00  0.0000000E+00  0.1570796E+01  0.1570796E+01  0.1570796E+01
  0.2600000E-01  0.2600000E-03  0.0000000E+00  0.0000000E+00  0.1570796E+01  0.1570796E+01  0.1570796E+01
  0.2800000E-01  0.2800000E-03  0.0000000E+00  0.0000000E+00  0.1570796E+01  0.1570796E+01  0.1570796E+01
  0.3000000E-01  0.3000000E-03  0.0000000E+00  0.0000000E+00  0.1570796E+01  0.1570796E+01  0.1570796E+01
  0.3200000E-01  0.3200000E-03  0.0000000E+00  0.0000000E+00  0.1570796E+01  0.1570796E+01  0.1570796E+01
  0.3400000E-01  0.3400000E-03  0.0000000E+00  0.0000000E+00  0.1570796E+01  0.1570796E+01  0.1570796E+01
  0.3600000E-01  0.3600000E-03  0.0000000E+00  0.0000000E+00  0.1570796E+01  0.1570796E+01  0.1570796E+01
  0.3800000E-01  0.3800000E-03  0.0000000E+00  0.0000000E+00  0.1570796E+01  0.1570796E+01  0.1570796E+01
  0.4000000E-01  0.4000000E-03  0.0000000E+00  0.0000000E+00  0.1570796E+01  0.1570796E+01  0.1570796E+01
  0.4200000E-01  0.4200000E-03  0.0000000E+00  0.0000000E+00  0.1570796E+01  0.1570796E+01  0.1570796E+01
  0.4400000E-01  0.4400000E-03  0.0000000E+00  0.0000000E+00  0.1570796E+01  0.1570796E+01  0.1570796E+01
  0.4600000E-01  0.4600000E-03  0.0000000E+00  0.0000000E+00  0.1570796E+01  0.1570796E+01  0.1570796E+01
  0.4800000E-01  0.4800000E-03  0.0000000E+00  0.0000000E+00  0.1570796E+01  0.1570796E+01  0.1570796E+01
  0.5000000E-01  0.5000000E-03  0.0000000E+00  0.0000000E+00  0.1570796E+01  0.1570796E+01  0.1570796E+01
  0.5200000E-01  0.5200000E-03  0.0000000E+00  0.0000000E+00  0.1570796E+01  0.1570796E+01  0.1570796E+01
  0.5400000E-01  0.5400000E-03  0.0000000E+00  0.0000000E+00  0.1570796E+01  0.1570796E+01  0.1570796E+01
  0.5600000E-01  0.5600000E-03  0.0000000E+00  0.0000000E+00  0.1570796E+01  0.1570796E+01  0.1570796E+01
  0.5800000E-01  0.5800000E-03  0.0000000E+00  0.0000000E+00  0.1570796E+01  0.1570796E+01  0.1570796E+01
  0.6000000E-01  0.6000000E-03  0.0000000E+00  0.0000000E+00  0.1570796E+01  0.1570796E+01  0.1570796E+01
  0.6200000E-01  0.6200000E-03  0.0000000E+00  0.0000000E+00  0.1570796E+01  0.1570796E+01  0.1570796E+01
  0.6400000E-01  0.6400000E-03  0.0000000E+00  0.0000000E+00  0.1570796E+01  0.1570796E+01  0.1570796E+01
  0.6600000E-01  0.6600000E-03  0.0000000E+00  0.0000000E+00  0.1570796E+01  0.1570796E+01  0.1570796E+01
  0.6800000E-01  0.6800000E-03  0.0000000E+00  0.0000000E+00  0.1570796E+01  0.1570796E+01  0.1570796E+01
  0.7000000E-01  0.7000000E-03  0.0000000E+00  0.0000000E+00  0.1570796E+01  0.1570796E+01  0.1570796E+01
  0.7200000E-01  0.7200000E-03  0.0000000E+00  0.0000000E+00  0.1570796E+01  0.1570796E+01  0.1570796E+01
  0.7400000E-01  0.7400000E-03  0.0000000E+00  0.0000000E+00  0.1570796E+01  0.1570796E+01  0.1570796E+01
  0.7600000E-01  0.7600000E-03  0.0000000E+00  0.0000000E+00  0.1570796E+01  0.1570796E+01  0.1570796E+01
  0.7800000E-01  0.7800000E-03  0.0000000E+00  0.0000000E+00  0.1570796E+01  0.1570796E+01  0.1570796E+01
  0.8000000E-01  0.8000000E-03  0.0000000E+00  0.0000000E+00  0.1570796E+01  0.1570796E+01  0.1570796E+01
  0.8200000E-01  0.8200000E-03  0.0000000E+00  0.0000000E+00  0.1570796E+01  0.1570796E+01  0.1570796E+01
  0.8400000E-01  0.8400000E-03  0.0000000E+00  0.0000000E+00  0.1570796E+01  0.1570796E+01  0.1570796E+01
  0.8600000E-01  0.8600000E-03  0.0000000E+00  0.0000000E+00  0.1570796E+01  0.1570796E+01  0.1570796E+01
  0.8800000E-01  0.8800000E-03  0.0000000E+00  0.0000000E+00  0.1570796E+01  0.1570796E+01  0.1570796E+01
  0.9000000E-01  0.9000000E-03  0.0000000E+00  0.0000000E+00  0.1570796E+01  0.1570796E+01  0.1570796E+01
  0.9200000E-01  0.9200000E-03  0.0000000E+00  0.0000000E+00  0.1570796E+01  0.1570796E+01  0.1570796E+01
  0.9400000E-01  0.9400000E-03  0.0000000E+00  0.0000000E+00  0.1570796E+01  0.1570796E+01  0.1570796E+01
  0.9600000E-01  0.9600000E-03  0.0000000E+00  0.0000000E+00  0.1570796E+01  0.1570796E+01  0.1570796E+01
  0.9800000E-01  0.9800000E-03  0.0000000E+00  0.0000000E+00  0.1570796E+01  0.1570796E+01  0.1570796E+01
  0.1000000E+00  0.1000000E-02  0.0000000E+00  0.0000000E+00  0.1570796E+01  0.1570796E+01  0.1570796E+01
  0.1020000E+00  0.1020000E-02  0.0000000E+00  0.0000000E+00  0.1570796E+01  0.1570796E+01  0.1570796E+01
  0.1040000E+00  0.1040000E-02  0.0000000E+00  0.0000000E+00  0.1570796E+01  0.1570796E+01  0.1570796E+01
  0.1060000E+00  0.1060000E-02  0.0000000E+00  0.0000000E+00  0.1570796E+01  0.1570796E+01  0.1570796E+01
  0.1080000E+00  0.1080000E-02  0.0000000E+00  0.0000000E+00  0.1570796E+01  0.1570796E+01  0.1570796E+01
  0.1100000E+00  0.1100000E-02  0.0000000E+00  0.0000000E+00  0.1570796E+01  0.1570796E+01  0.1570796E+01
  0.1120000E+00  0.1120000E-02  0.0000000E+00  0.0000000E+00  0.1570796E+01  0.1570796E+01  0.1570796E+01
  0.1140000E+00  0.1140000E-02  0.0000000E+00  0.0000000E+00  0.1570796E+01  0.1570796E+01  0.1570796E+01
  0.1160000E+00  0.1160000E-02  0.0000000E+00  0.0000000E+00  0.1570796E+01  0.1570796E+01  0.1570796E+01
  0.1180000E+00  0.1180000E-02  0.0000000E+00  0.0000000E+00  0.1570796E+01  0.1570796E+01  0.1570796E+01
  0.1200000E+00  0.1200000E-02  0.0000000E+00  0.0000000E+00  0.1570796E+01  0.1570796E+01  0.1570796E+01
  0.1220000E+00  0.1220000E-02  0.0000000E+00  0.0000000E+00  0.1570796E+01  0.1570796E+01  0.1570796E+01
  0.1240000E+00  0.1240000E-02  0.0000000E+00  0.0000000E+00  0.1570796E+01  0.1570796E+01  0.1570796E+01
  0.1260000E+00  0.1260000E-02  0.0000000E+00  0.0000000E+00  0.1570796E+01  0.1570796E+01  0.1570796E+01
  0.1280000E+00  0.1280000E-02  0.0000000E+00  0.0000000E+00  0.1570796E+01  0.1570796E+01  0.1570796E+01
  0.1300000E+00  0.1300000E-02  0.0000000E+00  0.0000000E+00  0.1570796E+01  0.1570796E+01  0.1570796E+01
  0.1320000E+00  0.1320000E-02  0.0000000E+00  0.0000000E+00  0.1570796E+01  0.1570796E+01  0.1570796E+01
  0.1340000E+00  0.1340000E-02  0.0000000E+00  0.0000000E+00  0.1570796E+01  0.1570796E+01  0.1570796E+01
  0.1360000E+00  0.1360000E-02  0.0000000E+00  0.0000000E+00  0.1570796E+01  0.1570796E+01  0.1570796E+01
  0.1380000E+00  0.1380000E-02  0.0000000E+00  0.0000000E+00  0.1570796E+01  0.1570796E+01  0.1570796E+01
  0.1400000E+00  0.1400000E-02  0.0000000E+00  0.0000000E+00  0.1570796E+01  0.1570796E+01  0.1570796E+01
  0.1420000E+00  0.1420000E-02  0.0000000E+00  0.0000000E+00  0.1570796E+01  0.1570796E+01  0.1570796E+01
  0.1440000E+00  0.1440000E-02  0.0000000E+00  0.0000000E+00  0.1570796E+01  0.1570796E+01  0.1570796E+01
  0.1460000E+00  0.1460000E-02  0.0000000E+00  0.0000000E+00  0.1570796E+01  0.1570796E+01  0.1570796E+01
  0.1480000E+00  0.1480000E-02  0.0000000E+00  0.0000000E+00  0.1570796E+01  0.1570796E+01  0.1570796E+01
  0.1500000E+00  0.1500000E-02  0.0000000E+00  0.0000000E+00  0.1570796E+01  0.1570796E+01  0.1570796E+01
  0.1520000E+00  0.1520000E-02  0.0000000E+00  0.0000000E+00  0.1570796E+01  0.1570796E+01  0.1570796E+01
  0.1540000E+00  0.1540000E-02  0.0000000E+00  0.0000000E+00  0.1570796E+01  0.1570796E+01  0.1570796E+01
  0.1560000E+00  0.1560000E-02  0.0000000E+00  0.0000000E+00  0.1570796E+01  0.1570796E+01  0.1570796E+01
  0.1580000E+00  0.1580000E-02  0.0000000E+00  0.0000000E+00  0.1570796E+01  0.1570796E+01  0.1570796E+01
  0.1600000E+00  0.1600000E-02  0.0000000E+00  0.0000000E+00  0.1570796E+01  0.1570796E+01  0.1570796E+01
  0.1620000E+00  0.1620000E-02  0.0000000E+00  0.0000000E+00  0.1570796E+01  0.1570796E+01  0.1570796E+01
  0.1640000E+00  0.1640000E-02  0.0000000E+00  0.0000000E+00  0.1570796E+01  0.1570796E+01  0.1570796E+01
  0.1660000E+00  0.1660000E-02  0.0000000E+00  0.0000000E+00  0.1570796E+01  0.1570796E+01  0.1570796E+01
  0.1680000E+00  0.1680000E-02  0.0000000E+00  0.0000000E+00  0.1570796E+01  0.1570796E+01  0.1570796E+01
  0.1700000E+00  0.1700000E-02  0.0000000E+00  0.0000000E+00  0.1570796E+01  0.1570796E+01  0.1570796E+01
  0.1720000E+00  0.1720000E-02  0.0000000E+00  0.0000000E+00  0.1570796E+01  0.1570796E+01  0.1570796E+01
  0.1740000E+00  0.1740000E-02  0.0000000E+00  0.0000000E+00  0.1570796E+01  0.1570796E+01  0.1570796E+01
  0.1760000E+00  0.1760000E-02  0.0000000E+00  0.0000000E+00  0.1570796E+01  0.1570796E+01  0.1570796E+01
  0.1780000E+00  0.1780000E-02  0.0000000E+00  0.0000000E+00  0.1570796E+01  0.1570796E+01  0.1570796E+01
  0.1800000E+00  0.1800000E-02  0.0000000E+00  0.0000000E+00  0.1570796E+01  0.1570796E+01  0.1570796E+01
  0.1820000E+00  0.1820000E-02  0.0000000E+00  0.0000000E+00  0.1570796E+01  0.1570796E+01  0.1570796E+01
  0.1840000E+00  0.1840000E-02  0.0000000E+00  0.0000000E+00  0.1570796E+01  0.1570796E+01  0.1570796E+01
  0.1860000E+00  0.1860000E-02  0.0000000E+00  0.0000000E+00  0.1570796E+01  0.1570796E+01  0.1570796E+01
  0.1880000E+00  0.1880000E-02  0.0000000E+00  0.0000000E+00  0.1570796E+01  0.1570796E+01  0.1570796E+01
  0.1900000E+00  0.1900000E-02  0.0000000E+00  0.0000000E+00  0.1570796E+01  0.1570796E+01  0.1570796E+01
  0.1920000E+00  0.1920000E-02  0.0000000E+00  0.0000000E+00  0.1570796E+01  0.1570796E+01  0.1570796E+01
  0.1940000E+00  0.1940000E-02  0.0000000E+00  0.0000000E+00  0.1570796E+01  0.1570796E+01  0.1570796E+01
  0.1960000E+00  0.1960000E-02  0.0000000E+00  0.0000000E+00  0.1570796E+01  0.1570796E+01  0.1570796E+01
  0.1980000E+00  0.1980000E-02  0.0000000E+00  0.0000000E+00  0.1570796E+01  0.1570796E+01  0.1570796E+01
  0.2000000E+00  0.2000000E-02  0.0000000E+00  0.0000000E+00  0.1570796E+01  0.1570796E+01  0.1570796E+01
  0.2020000E+00  0.1997500E-02  0.0000000E+00  0.0000000E+00  0.1570796E+01  0.1570796E+01  0.1570796E+01
  0.2040000E+00  0.1987500E-02  0.0000000E+00  0.0000000E+00  0.1570796E+01  0.1570796E+01  0.1570796E+01
  0.2060000E+00  0.1977500E-02  0.0000000E+00  0.0000000E+00  0.1570796E+01  0.1570796E+01  0.1570796E+01
  0.2080000E+00  0.1967500E-02  0.0000000E+00  0.0000000E+00  0.1570796E+01  0.1570796E+01  0.1570796E+01
  0.2100000E+00  0.1957500E-02  0.0000000E+00  0.0000000E+00  0.1570796E+01  0.1570796E+01  0.1570796E+01
  0.2120000E+00  0.1947500E-02  0.0000000E+00  0.0000000E+00  0.1570796E+01  0.1570796E+01  0.1570796E+01
  0.2140000E+00  0.1937500E-02  0.0000000E+00  0.0000000E+00  0.1570796E+01  0.1570796E+01  0.1570796E+01
  0.2160000E+00  0.1927500E-02  0.0000000E+00  0.0000000E+00  0.1570796E+01  0.1570796E+01  0.1570796E+01
  0.2180000E+00  0.1917500E-02  0.0000000E+00  0.0000000E+00  0.1570796E+01  0.1570796E+01  0.1570796E+01
  0.2200000E+00  0.1907500E-02  0.0000000E+00  0.0000000E+00  0.1570796E+01  0.1570796E+01  0.1570796E+01
  0.2220000E+00  0.1897500E-02  0.0000000E+00  0.0000000E+00  0.1570796E+01  0.1570796E+01  0.1570796E+01
  0.2240000E+00  0.1887500E-02  0.0000000E+00  0.0000000E+00  0.1570796E+01  0.1570796E+01  0.1570796E+01
  0.2260000E+00  0.1877500E-02  0.0000000E+00  0.0000000E+00  0.1570796E+01  0.1570796E+01  0.1570796E+01
  0.2280000E+00  0.1867500E-02  0.0000000E+00  0.0000000E+00  0.1570796E+01  0.1570796E+01  0.1570796E+01
  0.2300000E+00  0.1857500E-02  0.0000000E+00  0.0000000E+00  0.1570796E+01  0.1570796E+01  0.1570796E+01
  0.2320000E+00  0.1847500E-02  0.0000000E+00  0.0000000E+00  0.1570796E+01  0.1570796E+01  0.1570796E+01
  0.2340000E+00  0.1837500E-02  0.0000000E+00  0.0000000E+00  0.1570796E+01  0.1570796E+01  0.1570796E+01
  0.2360000E+00  0.1827500E-02  0.0000000E+00  0.0000000E+00  0.1570796E+01  0.1570796E+01  0.1570796E+01
  0.2380000E+00  0.1817500E-02  0.0000000E+00  0.0000000E+00  0.1570796E+01  0.1570796E+01  0.1570796E+01
  0.2400000E+00  0.1807500E-02  0.0000000E+00  0.0000000E+00  0.1570796E+01  0.1570796E+01  0.1570796E+01
  0.2420000E+00  0.1797500E-02  0.0000000E+00  0.0000000E+00  0.1570796E+01  0.1570796E+01  0.1570796E+01
  0.2440000E+00  0.1787500E-02  0.0000000E+00  0.0000000E+00  0.1570796E+01  0.1570796E+01  0.1570796E+01
  0.2460000E+00  0.1777500E-02  0.0000000E+00  0.0000000E+00  0.1570796E+01  0.1570796E+01  0.1570796E+01
  0.2480000E+00  0.1767500E-02  0.0000000E+00  0.0000000E+00  0.1570796E+01  0.1570796E+01  0.1570796E+01
  0.2500000E+00  0.1757500E-02  0.0000000E+00  0.0000000E+00  0.1570796E+01  0.1570796E+01  0.1570796E+01
  0.2520000E+00  0.1747500E-02  0.0000000E+00  0.0000000E+00  0.1570796E+01  0.1570796E+01  0.1570796E+01
  0.2540000E+00  0.1737500E-02  0.0000000E+00  0.0000000E+00  0.1570796E+01  0.1570796E+01  0.1570796E+01
  0.2560000E+00  0.1727500E-02  0.0000000E+00  0.0000000E+00  0.1570796E+01  0.1570796E+01  0.1570796E+01
  0.2580000E+00  0.1717500E-02  0.0000000E+00  0.0000000E+00  0.1570796E+01  0.1570796E+01  0.1570796E+01
  0.2600000E+00  0.1707500E-02  0.0000000E+00  0.0000000E+00  0.1570796E+01  0.1570796E+01  0.1570796E+01
  0.2620000E+00  0.1697500E-02  0.0000000E+00  0.0000000E+00  0.1570796E+01  0.1570796E+01  0.1570796E+01
  0.2640000E+00  0.1687500E-02  0.0000000E+00  0.0000000E+00  0.1570796E+01  0.1570796E+01  0.1570796E+01
  0.2660000E+00  0.1677500E-02  0.0000000E+00  0.0000000E+00  0.1570796E+01  0.1570796E+01  0.1570796E+01
  0.2680000E+00  0.1667500E-02  0.0000000E+00  0.0000000E+00  0.1570796E+01  0.1570796E+01  0.1570796E+01
  0.2700000E+00  0.1657500E-02  0.0000000E+00  0.0000000E+00  0.1570796E+01  0.1570796E+01  0.1570796E+01
  0.2720000E+00  0.1647500E-02  0.0000000E+00  0.0000000E+00  0.1570796E+01  0.1570796E+01  0.1570796E+01
  0.2740000E+00  0.1637500E-02  0.0000000E+00  0.0000000E+00  0.1570796E+01  0.1570796E+01  0.1570796E+01
  0.2760000E+00  0.1627500E-02  0.0000000E+00  0.0000000E+00  0.1570796E+01  0.1570796E+01  0.1570796E+01
  0.2780000E+00  0.1617500E-02  0.0000000E+00  0.0000000E+00  0.1570796E+01  0.1570796E+01  0.1570796E+01
  0.2800000E+00  0.1607500E-02  0.0000000E+00  0.0000000E+00  0.1570796E+01  0.1570796E+01  0.1570796E+01
  0.2820000E+00  0.1597500E-02  0.0000000E+00  0.0000000E+00  0.1570796E+01  0.1570796E+01  0.1570796E+01
  0.2840000E+00  0.1587500E-02  0.0000000E+00  0.0000000E+00  0.1570796E+01  0.1570796E+01  0.1570796E+01
  0.2860000E+00  0.1577500E-02  0.0000000E+00  0.0000000E+00  0.1570796E+01  0.1570796E+01  0.1570796E+01
  0.2880000E+00  0.1567500E-02  0.0000000E+00  0.0000000E+00  0.1570796E+01  0.1570796E+01  0.1570796E+01
  0.2900000E+00  0.1557500E-02  0.0000000E+00  0.0000000E+00  0.1570796E+01  0.1570796E+01  0.1570796E+01
  0.2920000E+00  0.1547500E-02  0.0000000E+00  0.0000000E+00  0.1570796E+01  0.1570796E+01  0.1570796E+01
  0.2940000E+00  0.1537500E-02  0.0000000E+00  0.0000000E+00  0.1570796E+01  0.1570796E+01  0.1570796E+01
  0.2960000E+00  0.1527500E-02  0.0000000E+00  0.0000000E+00  0.1570796E+01  0.1570796E+01  0.1570796E+01
  0.2980000E+00  0.1517500E-02  0.0000000E+00  0.0000000E+00  0.1570796E+01  0.1570796E+01  0.1570796E+01
  0.3000000E+00  0.1507500E-02  0.0000000E+00  0.0000000E+00  0.1570796E+01  0.1570796E+01  0.1570796E+01
  0.3020000E+00  0.1497500E-02  0.0000000E+00  0.0000000E+00  0.1570796E+01  0.1570796E+01  0.1570796E+01
  0.3040000E+00  0.1487500E-02  0.0000000E+00  0.0000000E+00  0.1570796E+01  0.1570796E+01  0.1570796E+01
  0.3060000E+00  0.1477500E-02  0.0000000E+00  0.0000000E+00  0.1570796E+01  0.1570796E+01  0.1570796E+01
  0.3080000E+00  0.1467500E-02  0.0000000E+00  0.0000000E+00  0.1570796E+01  0.1570796E+01  0.1570796E+01
  0.3100000E+00  0.1457500E-02  0.0000000E+00  0.0000000E+00  0.1570796E+01  0.1570796E+01  0.1570796E+01
  0.3120000E+00  0.1447500E-02  0.0000000E+00  0.0000000E+00  0.1570796E+01  0.1570796E+01  0.1570796E+01
  0.3140000E+00  0.1437500E-02  0.0000000E+00  0.0000000E+00  0.1570796E+01  0.1570796E+01  0.1570796E+01
  0.3160000E+00  0.1427500E-02  0.0000000E+00  0.0000000E+00  0.1570796E+01  0.1570796E+01  0.1570796E+01
  0.3180000E+00  0.1417500E-02  0.0000000E+00  0.0000000E+00  0.1570796E+01  0.1570796E+01  0.1570796E+01
  0.3200000E+00  0.1407500E-02  0.0000000E+00  0.0000000E+00  0.1570796E+01  0.1570796E+01  0.1570796E+01
  0.3220000E+00  0.1397500E-02  0.0000000E+00  0.0000000E+00  0.1570796E+01  0.1570796E+01  0.1570796E+01
  0.3240000E+00  0.1387500E-02  0.0000000E+00  0.0000000E+00  0.1570796E+01  0.1570796E+01  0.1570796E+01
  0.3260000E+00  0.1377500E-02  0.0000000E+00  0.0000000E+00  0.1570796E+01  0.1570796E+01  0.1570796E+01
  0.3280000E+00  0.1367500E-02  0.0000000E+00  0.0000000E+00  0.1570796E+01  0.1570796E+01  0.1570796E+01
  0.3300000E+00  0.1357500E-02  0.0000000E+00  0.0000000E+00  0.1570796E+01  0.1570796E+01  0.1570796E+01
  0.3320000E+00  0.1347500E-02  0.0000000E+00  0.0000000E+00  0.1570796E+01  0.1570796E+01  0.1570796E+01
  0.3340000E+00  0.1337500E-02  0.0000000E+00  0.0000000E+00  0.1570796E+01  0.1570796E+01  0.1570796E+01
  0.3360000E+00  0.1327500E-02  0.0000000E+00  0.0000000E+00  0.1570796E+01  0.1570796E+01  0.1570796E+01
  0.3380000E+00  0.1317500E-02  0.0000000E+00  0.0000000E+00  0.1570796E+01  0.1570796E+01  0.1570796E+01
  0.3400000E+00  0.1307500E-02  0.0000000E+00  0.0000000E+00  0.1570796E+01  0.1570796E+01  0.1570796E+01
  0.3420000E+00  0.1297500E-02  0.0000000E+00  0.0000000E+00  0.1570796E+01  0.1570796E+01  0.1570796E+01
  0.3440000E+00  0.1287500E-02  0.0000000E+00  0.0000000E+00  0.1570796E+01  0.1570796E+01  0.1570796E+01
  0.3460000E+00  0.1277500E-02  0.0000000E+00  0.0000000E+00  0.1570796E+01  0.1570796E+01  0.1570796E+01
  0.3480000E+00  0.1267500E-02  0.0000000E+00  0.0000000E+00  0.1570796E+01  0.1570796E+01  0.1570796E+01
  0.3500000E+00  0.1257500E-02  0.0000000E+00  0.0000000E+00  0.1570796E+01  0.1570796E+01  0.1570796E+01
  0.3520000E+00  0.1247500E-02  0.0000000E+00  0.0000000E+00  0.1570796E+01  0.1570796E+01  0.1570796E+01
  0.3540000E+00  0.1237500E-02  0.0000000E+00  0.0000000E+00  0.1570796E+01  0.1570796E+01  0.1570796E+01
  0.3560000E+00  0.1227500E-02  0.0000000E+00  0.0000000E+00  0.1570796E+01  0.1570796E+01  0.1570796E+01
  0.3580000E+00  0.1217500E-02  0.0000000E+00  0.0000000E+00  0.1570796E+01  0.1570796E+01  0.1570796E+01
  0.3600000E+00  0.1207500E-02  0.0000000E+00  0.0000000E+00  0.1570796E+01  0.1570796E+01  0.1570796E+01
  0.3620000E+00  0.1197500E-02  0.0000000E+00  0.0000000E+00  0.1570796E+01  0.1570796E+01  0.1570796E+01
  0.3640000E+00  0.1187500E-02  0.0000000E+00  0.0000000E+00  0.1570796E+01  0.1570796E+01  0.1570796E+01
  0.3660000E+00  0.1177500E-02  0.0000000E+00  0.0000000E+00  0.1570796E+01  0.1570796E+01  0.1570796E+01
  0.3680000E+00  0.1167500E-02  0.0000000E+00  0.0000000E+00  0.1570796E+01  0.1570796E+01  0.1570796E+01
  0.3700000E+00  0.1157500E-02  0.0000000E+00  0.0000000E+00  0.1570796E+01  0.1570796E+01  0.1570796E+01
  0.3720000E+00  0.1147500E-02  0.0000000E+00  0.0000000E+00  0.1570796E+01  0.1570796E+01  0.1570796E+01
  0.3740000E+00  0.1137500E-02  0.0000000E+00  0.0000000E+00  0.1570796E+01  0.1570796E+01  0.1570796E+01
  0.3760000E+00  0.1127500E-02  0.0000000E+00  0.0000000E+00  0.1570796E+01  0.1570796E+01  0.1570796E+01
  0.3780000E+00  0.1117500E-02  0.0000000E+00  0.0000000E+00  0.1570796E+01  0.1570796E+01  0.1570796E+01
  0.3800000E+00  0.1107500E-02  0.0000000E+00  0.0000000E+00  0.1570796E+01  0.1570796E+01  0.1570796E+01
  0.3820000E+00  0.1097500E-02  0.0000000E+00  0.0000000E+00  0.1570796E+01  0.1570796E+01  0.1570796E+01
  0.3840000E+00  0.1087500E-02  0.0000000E+00  0.0000000E+00  0.1570796E+01  0.1570796E+01  0.1570796E+01
  0.3860000E+00  0.1077500E-02  0.0000000E+00  0.0000000E+00  0.1570796E+01  0.1570796E+01  0.1570796E+01
  0.3880000E+00  0.1067500E-02  0.0000000E+00  0.0000000E+00  0.1570796E+01  0.1570796E+01  0.1570796E+01
  0.3900000E+00  0.1057500E-02  0.0000000E+00  0.0000000E+00  0.1570796E+01  0.1570796E+01  0.1570796E+01
  0.3920000E+00  0.1047500E-02  0.0000000E+00  0.0000000E+00  0.1570796E+01  0.1570796E+01  0.1570796E+01
  0.3940000E+00  0.1037500E-02  0.0000000E+00  0.0000000E+00  0.1570796E+01  0.1570796E+01  0.1570796E+01
  0.3960000E+00  0.1027500E-02  0.0000000E+00  0.0000000E+00  0.1570796E+01  0.1570796E+01  0.1570796E+01
  0.3980000E+00  0.1017500E-02  0.0000000E+00  0.0000000E+00  0.1570796E+01  0.1570796E+01  0.1570796E+01
  0.4000000E+00  0.1007500E-02  0.0000000E+00  0.0000000E+00  0.1570796E+01  0.1570796E+01  0.1570796E+01
  0.4020000E+00  0.1011000E-02  0.0000000E+00  0.0000000E+00  0.1570796E+01  0.1570796E+01  0.1570796E+01
  0.4040000E+00  0.1019000E-02  0.0000000E+00  0.0000000E+00  0.1570796E+01  0.1570796E+01  0.1570796E+01
  0.4060000E+00  0.1027000E-02  0.0000000E+00  0.0000000E+00  0.1570796E+01  0.1570796E+01  0.1570796E+01
  0.4080000E+00  0.1035000E-02  0.0000000E+00  0.0000000E+00  0.1570796E+01  0.1570796E+01  0.1570796E+01
  0.4100000E+00  0.1043000E-02  0.0000000E+00  0.0000000E+00  0.1570796E+01  0.1570796E+01  0.1570796E+01
  0.4120000E+00  0.1051000E-02  0.0000000E+00  0.0000000E+00  0.1570796E+01  0.1570796E+01  0.1570796E+01
  0.4140000E+00  0.1059000E-02  0.0000000E+00  0.0000000E+00  0.1570796E+01  0.1570796E+01  0.1570796E+01
  0.4160000E+00  0.1067000E-02  0.0000000E+00  0.0000000E+00  0.1570796E+01  0.1570796E+01  0.1570796E+01
  0.4180000E+00  0.1075000E-02  0.0000000E+00  0.0000000E+00  0.1570796E+01  0.1570796E+01  0.1570796E+01
  0.4200000E+00  0.1083000E-02  0.0000000E+00  0.0000000E+00  0.1570796E+01  0.1570796E+01  0.1570796E+01
  0.4220000E+00  0.1091000E-02  0.0000000E+00  0.0000000E+00  0.1570796E+01  0.1570796E+01  0.1570796E+01
  0.4240000E+00  0.1099000E-02  0.0000000E+00  0.0000000E+00  0.1570796E+01  0.1570796E+01  0.1570796E+01
  0.4260000E+00  0.1107000E-02  0.0000000E+00  0.0000000E+00  0.1570796E+01  0.1570796E+01  0.1570796E+01
  0.4280000E+00  0.1115000E-02  0.0000000E+00  0.0000000E+00  0.1570796E+01  0.1570796E+01  0.1570796E+01
  0.4300000E+00  0.1123000E-02  0.0000000E+00  0.0000000E+00  0.1570796E+01  0.1570796E+01  0.1570796E+01
  0.4320000E+00  0.1131000E-02  0.0000000E+00  0.0000000E+00  0.1570796E+01  0.1570796E+01  0.1570796E+01
  0.4340000E+00  0.1139000E-02  0.0000000E+00  0.0000000E+00  0.1570796E+01  0.1570796E+01  0.1570796E+01
  0.4360000E+00  0.1147000E-02  0.0000000E+00  0.0000000E+00  0.1570796E+01  0.1570796E+01  0.1570796E+01
  0.4380000E+00  0.1155000E-02  0.0000000E+00  0.0000000E+00  0.1570796E+01  0.1570796E+01  0.1570796E+01
  0.4400000E+00  0.1163000E-02  0.0000000E+00  0.0000000E+00  0.1570796E+01  0.1570796E+01  0.1570796E+01
  0.4420000E+00  0.1171000E-02  0.0000000E+00  0.0000000E+00  0.1570796E+01  0.1570796E+01  0.1570796E+01
  0.4440000E+00  0.1179000E-02  0.0000000E+00  0.0000000E+00  0.1570796E+01  0.1570796E+01  0.1570796E+01
  0.4460000E+00  0.1187000E-02  0.0000000E+00  0.0000000E+00  0.1570796E+01  0.1570796E+01  0.1570796E+01
  0.4480000E+00  0.1195000E-02  0.0000000E+00  0.0000000E+00  0.1570796E+01  0.1570796E+01  0.1570796E+01
  0.4500000E+00  0.1203000E-02  0.0000000E+00  0.0000000E+00  0.1570796E+01  0.1570796E+01  0.1570796E+01
  0.4520000E+00  0.1211000E-02  0.0000000E+00  0.0000000E+00  0.1570796E+01  0.1570796E+01  0.1570796E+01
  0.4540000E+00  0.1219000E-02  0.0000000E+00  0.0000000E+00  0.1570796E+01  0.1570796E+01  0.1570796E+01
  0.4560000E+00  0.1227000E-02  0.0000000E+00  0.0000000E+00  0.1570796E+01  0.1570796E+01  0.1570796E+01
  0.4580000E+00  0.1235000E-02  0.0000000E+00  0.0000000E+00  0.1570796E+01  0.1570796E+01  0.1570796E+01
  0.4600000E+00  0.1243000E-02  0.0000000E+00  0.0000000E+00  0.1570796E+01  0.1570796E+01  0.1570796E+01
  0.4620000E+00  0.1251000E-02  0.0000000E+00  0.0000000E+00  0.1570796E+01  0.1570796E+01  0.1570796E+01
  0.4640000E+00  0.1259000E-02  0.0000000E+00  0.0000000E+00  0.1570796E+01  0.1570796E+01  0.1570796E+01
  0.4660000E+00  0.1267000E-02  0.0000000E+00  0.0000000E+00  0.1570796E+01  0.1570796E+01  0.1570796E+01
  0.4680000E+00  0.1275000E-02  0.0000000E+00  0.0000000E+00  0.1570796E+01  0.1570796E+01  0.1570796E+01
  0.4700000E+00  0.1283000E-02  0.0000000E+00  0.0000000E+00  0.1570796E+01  0.1570796E+01  0.1570796E+01
  0.4720000E+00  0.1291000E-02  0.0000000E+00  0.0000000E+00  0.1570796E+01  0.1570796E+01  0.1570796E+01
  0.4740000E+00  0.1299000E-02  0.0000000E+00  0.0000000E+00  0.1570796E+01  0.1570796E+01  0.1570796E+01
  0.4760000E+00  0.1307000E-02  0.0000000E+00  0.0000000E+00  0.1570796E+01  0.1570796E+01  0.1570796E+01
  0.4780000E+00  0.1315000E-02  0.0000000E+00  0.0000000E+00  0.1570796E+01  0.1570796E+01  0.1570796E+01
  0.4800000E+00  0.1323000E-02  0.0000000E+00  0.0000000E+00  0.1570796E+01  0.1570796E+01  0.1570796E+01
  0.4820000E+00  0.1331000E-02  0.0000000E+00  0.0000000E+00  0.1570796E+01  0.1570796E+01  0.1570796E+01
  0.4840000E+00  0.1339000E-02  0.0000000E+00  0.0000000E+00  0.1570796E+01  0.1570796E+01  0.1570796E+01
  0.4860000E+00  0.1347000E-02  0.0000000E+00  0.0000000E+00  0.1570796E+01  0.1570796E+01  0.1570796E+01
  0.4880000E+00  0.1355000E-02  0.0000000E+00  0.0000000E+00  0.1570796E+01  0.1570796E+01  0.1570796E+01
  0.4900000E+00  0.1363000E-02  0.0000000E+00  0.0000000E+00  0.1570796E+01  0.1570796E+01  0.1570796E+01
  0.4920000E+00  0.1371000E-02  0.0000000E+00  0.0000000E+00  0.1570796E+01  0.1570796E+01  0.1570796E+01
  0.4940000E+00  0.1379000E-02  0.0000000E+00  0.0000000E+00  0.1570796E+01  0.1570796E+01  0.1570796E+01
  0.4960000E+00  0.1387000E-02  0.0000000E+00  0.0000000E+00  0.1570796E+01  0.1570796E+01  0.1570796E+01
  0.4980000E+00  0.1395000E-02  0.0000000E+00  0.0000000E+00  0.1570796E+01  0.1570796E+01  0.1570796E+01
  0.5000000E+00  0.1403000E-02  0.0000000E+00  0.0000000E+00  0.1570796E+01  0.1570796E+01  0.1570796E+01
  0.5020000E+00  0.1411000E-02  0.0000000E+00  0.0000000E+00  0.1570796E+01  0.1570796E+01  0.1570796E+01
  0.5040000E+00  0.1419000E-02  0.0000000E+00  0.0000000E+00  0.1570796E+01  0.1570796E+01  0.1570796E+01
  0.5060000E+00  0.1427000E-02  0.0000000E+00  0.0000000E+00  0.1570796E+01  0.1570796E+01  0.1570796E+01
  0.5080000E+00  0.1435000E-02  0.0000000E+00  0.0000000E+00  0.1570796E+01  0.1570796E+01  0.1570796E+01
  0.5100000E+00  0.1443000E-02  0.0000000E+00  0.0000000E+00  0.1570796E+01  0.1570796E+01  0.1570796E+01
  0.5120000E+00  0.1451000E-02  0.0000000E+00  0.0000000E+00  0.1570796E+01  0.1570796E+01  0.1570796E+01
  0.5140000E+00  0.1459000E-02  0.0000000E+00  0.0000000E+00  0.1570796E+01  0.1570796E+01  0.1570796E+01
  0.5160000E+00  0.1467000E-02  0.0000000E+00  0.0000000E+00  0.1570796E+01  0.1570796E+01  0.1570796E+01
  0.5180000E+00  0.1475000E-02  0.0000000E+00  0.0000000E+00  0.1570796E+01  0.1570796E+01  0.1570796E+01
  0.5200000E+00  0.1483000E-02  0.0000000E+00  0.0000000E+00  0.1570796E+01  0.1570796E+01  0.1570796E+01
  0.5220000E+00  0.1491000E-02  0.0000000E+00  0.0000000E+00  0.1570796E+01  0.1570796E+01  0.1570796E+01
  0.5240000E+00  0.1499000E-02  0.0000000E+00  0.0000000E+00  0.1570796E+01  0.1570796E+01  0.1570796E+01
  0.5260000E+00  0.1507000E-02  0.0000000E+00  0.0000000E+00  0.1570796E+01  0.1570796E+01  0.1570796E+01
  0.5280000E+00  0.1515000E-02  0.0000000E+00  0.0000000E+00  0.1570796E+01  0.1570796E+01  0.1570796E+01
  0.5300000E+00  0.1523000E-02  0.0000000E+00  0.0000000E+00  0.1570796E+01  0.1570796E+01  0.1570796E+01
  0.5320000E+00  0.1531000E-02  0.0000000E+00  0.0000000E+00  0.1570796E+01  0.1570796E+01  0.1570796E+01
  0.5340000E+00  0.1539000E-02  0.0000000E+00  0.0000000E+00  0.1570796E+01  0.1570796E+01  0.1570796E+01
  0.5360000E+00  0.1547000E-02  0.0000000E+00  0.0000000E+00  0.1570796E+01  0.1570796E+01  0.1570796E+01
  0.5380000E+00  0.1555000E-02  0.0000000E+00  0.0000000E+00  0.1570796E+01  0.1570796E+01  0.1570796E+01
  0.5400000E+00  0.1563000E-02  0.0000000E+00  0.0000000E+00  0.1570796E+01  0.1570796E+01  0.1570796E+01
  0.5420000E+00  0.1571000E-02  0.0000000E+00  0.0000000E+00  0.1570796E+01  0.1570796E+01  0.1570796E+01
  0.5440000E+00  0.1579000E-02  0.0000000E+00  0.0000000E+00  0.1570796E+01  0.1570796E+01  0.1570796E+01
  0.5460000E+00  0.1587000E-02  0.0000000E+00  0.0000000E+00  0.1570796E+01  0.1570796E+01  0.1570796E+01
  0.5480000E+00  0.1595000E-02  0.0000000E+00  0.0000000E+00  0.1570796E+01  0.1570796E+01  0.1570796E+01
  0.5500000E+00  0.1603000E-02  0.0000000E+00  0.0000000E+00  0.1570796E+01  0.1570796E+01  0.1570796E+01
  0.5520000E+00  0.1611000E-02  0.0000000E+00  0.0000000E+00  0.1570796E+01  0.1570796E+01  0.1570796E+01
  0.5540000E+00  0.1619000E-02  0.0000000E+00  0.0000000E+00  0.1570796E+01  0.1570796E+01  0.1570796E+01
  0.5560000E+00  0.1627000E-02  0.0000000E+00  0.0000000E+00  0.1570796E+01  0.1570796E+01  0.1570796E+01
  0.5580000E+00  0.1635000E-02  0.0000000E+00  0.0000000E+00  0.1570796E+01  0.1570796E+01  0.1570796E+01
  0.5600000E+00  0.1643000E-02  0.0000000E+00  0.0000000E+00  0.1570796E+01  0.1570796E+01  0.1570796E+01
  0.5620000E+00  0.1651000E-02  0.0000000E+00  0.0000000E+00  0.1570796E+01  0.1570796E+01  0.1570796E+01
  0.5640000E+00  0.1659000E-02  0.0000000E+00  0.0000000E+00  0.1570796E+01  0.1570796E+01  0.1570796E+01
  0.5660000E+00  0.1667000E-02  0.0000000E+00  0.0000000E+00  0.1570796E+01  0.1570796E+01  0.1570796E+01
  0.5680000E+00  0.1675000E-02  0.0000000E+00  0.0000000E+00  0.1570796E+01  0.1570796E+01  0.1570796E+01
  0.5700000E+00  0.1683000E-02  0.0000000E+00  0.0000000E+00  0.1570796E+01  0.1570796E+01  0.1570796E+01
  0.5720000E+00  0.1691000E-02  0.0000000E+00  0.0000000E+00  0.1570796E+01  0.1570796E+01  0.1570796E+01
  0.5740000E+00  0.1699000E-02  0.0000000E+00  0.0000000E+00  0.1570796E+01  0.1570796E+01  0.1570796E+01
  0.5760000E+00  0.1707000E-02  0.0000000E+00  0.0000000E+00  0.1570796E+01  0.1570796E+01  0.1570796E+01
  0.5780000E+00  0.1715000E-02  0.0000000E+00  0.0000000E+00  0.1570796E+01  0.1570796E+01  0.1570796E+01
  0.5800000E+00  0.1723000E-02  0.0000000E+00  0.0000000E+00  0.1570796E+01  0.1570796E+01  0.1570796E+01
  0.5820000E+00  0.1731000E-02  0.0000000E+00  0.0000000E+00  0.1570796E+01  0.1570796E+01  0.1570796E+01
  0.5840000E+00  0.1739000E-02  0.0000000E+00  0.0000000E+00  0.1570796E+01  0.1570796E+01  0.1570796E+01
  0.5860000E+00  0.1747000E-02  0.0000000E+00  0.0000000E+00  0.1570796E+01  0.1570796E+01  0.1570796E+01
  0.5880000E+00  0.1755000E-02  0.0000000E+00  0.0000000E+00  0.1570796E+01  0.1570796E+01  0.1570796E+01
  0.5900000E+00  0.1763000E-02  0.0000000E+00  0.0000000E+00  0.1570796E+01  0.1570796E+01  0.1570796E+01
  0.5920000E+00  0.1771000E-02  0.0000000E+00  0.0000000E+00  0.1570796E+01  0.1570796E+01  0.1570796E+01
  0.5940000E+00  0.1779000E-02  0.0000000E+00  0.0000000E+00  0.1570796E+01  0.1570796E+01  0.1570796E+01
  0.5960000E+00  0.1787000E-02  0.0000000E+00  0.0000000E+00  0.1570796E+01  0.1570796E+01  0.1570796E+01
  0.5980000E+00  0.1795000E-02  0.0000000E+00  0.0000000E+00  0.1570796E+01  0.1570796E+01  0.1570796E+01
  0.6000000E+00  0.1803000E-02  0.0000000E+00  0.0000000E+00  0.1570796E+01  0.1570796E+01  0.1570796E+01
  0.6020000E+00  0.1800500E-02  0.0000000E+00  0.0000000E+00  0.1570796E+01  0.1570796E+01  0.1570796E+01
  0.6040000E+00  0.1794500E-02  0.0000000E+00  0.0000000E+00  0.1570796E+01  0.1570796E+01  0.1570796E+01
  0.6060000E+00  0.1788500E-02  0.0000000E+00  0.0000000E+00  0.1570796E+01  0.1570796E+01  0.1570796E+01
  0.6080000E+00  0.1782500E-02  0.0000000E+00  0.0000000E+00  0.1570796E+01  0.1570796E+01  0.1570796E+01
  0.6100000E+00  0.1776500E-02  0.0000000E+00  0.0000000E+00  0.1570796E+01  0.1570796E+01  0.1570796E+01
  0.6120000E+00  0.1770500E-02  0.0000000E+00  0.0000000E+00  0.1570796E+01  0.1570796E+01  0.1570796E+01
  0.6140000E+00  0.1764500E-02  0.0000000E+00  0.0000000E+00  0.1570796E+01  0.1570796E+01  0.1570796E+01
  0.6160000E+00  0.1758500E-02  0.0000000E+00  0.0000000E+00  0.1570796E+01  0.1570796E+01  0.1570796E+01
  0.6180000E+00  0.1752500E-02  0.0000000E+00  0.0000000E+00  0.1570796E+01  0.1570796E+01  0.1570796E+01
  0.6200000E+00  0.1746500E-02  0.0000000E+00  0.0000000E+00  0.1570796E+01  0.1570796E+01  0.1570796E+01
  0.6220000E+00  0.1740500E-02  0.0000000E+00  0.0000000E+00  0.1570796E+01  0.1570796E+01  0.1570796E+01
  0.6240000E+00  0.1734500E-02  0.0000000E+00  0.0000000E+00  0.1570796E+01  0.1570796E+01  0.1570796E+01
  0.6260000E+00  0.1728500E-02  0.0000000E+00  0.0000000E+00  0.1570796E+01  0.1570796E+01  0.1570796E+01
  0.6280000E+00  0.1722500E-02  0.0000000E+00  0.0000000E+00  0.1570796E+01  0.1570796E+01  0.1570796E+01
  0.6300000E+00  0.1716500E-02  0.0000000E+00  0.0000000E+00  0.1570796E+01  0.1570796E+01  0.1570796E+01
  0.6320000E+00  0.1710500E-02  0.0000000E+00  0.0000000E+00  0.1570796E+01  0.1570796E+01  0.1570796E+01
  0.6340000E+00  0.1704500E-02  0.0000000E+00  0.0000000E+00  0.1570796E+01  0.1570796E+01  0.1570796E+01
  0.6360000E+00  0.1698500E-02  0.0000000E+00  0.0000000E+00  0.1570796E+01  0.1570796E+01  0.1570796E+01
  0.6380000E+00  0.1692500E-02  0.0000000E+00  0.0000000E+00  0.1570796E+01  0.1570796E+01  0.1570796E+01
  0.6400000E+00  0.1686500E-02  0.0000000E+00  0.0000000E+00  0.1570796E+01  0.1570796E+01  0.1570796E+01
  0.6420000E+00  0.1680500E-02  0.0000000E+00  0.0000000E+00  0.1570796E+01  0.1570796E+01  0.1570796E+01
  0.6440000E+00  0.1674500E-02  0.0000000E+00  0.0000000E+00  0.1570796E+01  0.1570796E+01  0.1570796E+01
  0.6460000E+00  0.1668500E-02  0.0000000E+00  0.0000000E+00  0.1570796E+01  0.1570796E+01  0.1570796E+01
  0.6480000E+00  0.1662500E-02  0.0000000E+00  0.0000000E+00  0.1570796E+01  0.1570796E+01  0.1570796E+01
  0.6500000E+00  0.1656500E-02  0.0000000E+00  0.0000000E+00  0.1570796E+01  0.1570796E+01  0.1570796E+01
  0.6520000E+00  0.1650500E-02  0.0000000E+00  0.0000000E+00  0.1570796E+01  0.1570796E+01  0.1570796E+01
  0.6540000E+00  0.1644500E-02  0.0000000E+00  0.0000000E+00  0.1570796E+01  0.1570796E+01  0.1570796E+01
  0.6560000E+00  0.1638500E-02  0.0000000E+00  0.0000000E+00  0.1570796E+01  0.1570796E+01  0.1570796E+01
  0.6580000E+00  0.1632500E-02  0.0000000E+00  0.0000000E+00  0.1570796E+01  0.1570796E+01  0.1570796E+01
  0.6600000E+00  0.1626500E-02  0.0000000E+00  0.0000000E+00  0.1570796E+01  0.1570796E+01  0.1570796E+01
  0.6620000E+00  0.1620500E-02  0.0000000E+00  0.0000000E+00  0.1570796E+01  0.1570796E+01  0.1570796E+01
  0.6640000E+00  0.1614500E-02  0.0000000E+00  0.0000000E+00  0.1570796E+01  0.1570796E+01  0.1570796E+01
  0.6660000E+00  0.1608500E-02  0.0000000E+00  0.0000000E+00  0.1570796E+01  0.1570796E+01  0.1570796E+01
  0.6680000E+00  0.1602500E-02  0.0000000E+00  0.0000000E+00  0.1570796E+01  0.1570796E+01  0.1570796E+01
  0.6700000E+00  0.1596500E-02  0.0000000E+00  0.0000000E+00  0.1570796E+01  0.1570796E+01  0.1570796E+01
  0.6720000E+00  0.1590500E-02  0.0000000E+00  0.0000000E+00  0.1570796E+01  0.1570796E+01  0.1570796E+01
  0.6740000E+00  0.1584500E-02  0.0000000E+00  0.0000000E+00  0.1570796E+01  0.1570796E+01  0.1570796E+01
  0.6760000E+00  0.1578500E-02  0.0000000E+00  0.0000000E+00  0.1570796E+01  0.1570796E+01  0.1570796E+01
  0.6780000E+00  0.1572500E-02  0.0000000E+00  0.0000000E+00  0.1570796E+01  0.1570796E+01  0.1570796E+01
  0.6800000E+00  0.1566500E-02  0.0000000E+00  0.0000000E+00  0.1570796E+01  0.1570796E+01  0.1570796E+01
  0.6820000E+00  0.1560500E-02  0.0000000E+00  0.0000000E+00  0.1570796E+01  0.1570796E+01  0.1570796E+01
  0.6840000E+00  0.1554500E-02  0.0000000E+00  0.0000000E+00  0.1570796E+01  0.1570796E+01  0.1570796E+01
  0.6860000E+00  0.1548500E-02  0.0000000E+00  0.0000000E+00  0.1570796E+01  0.1570796E+01  0.1570796E+01
  0.6880000E+00  0.1542500E-02  0.0000000E+00  0.0000000E+00  0.1570796E+01  0.1570796E+01  0.1570796E+01
  0.6900000E+00  0.1536500E-02  0.0000000E+00  0.0000000E+00  0.1570796E+01  0.1570796E+01  0.1570796E+01
  0.6920000E+00  0.1530500E-02  0.0000000E+00  0.0000000E+00  0.1570796E+01  0.1570796E+01  0.1570796E+01
  0.6940000E+00  0.1524500E-02  0.0000000E+00  0.0000000E+00  0.1570796E+01  0.1570796E+01  0.1570796E+01
  0.6960000E+00  0.1518500E-02  0.0000000E+00  0.0000000E+00  0.1570796E+01  0.1570796E+01  0.1570796E+01
  0.6980000E+00  0.1512500E-02  0.0000000E+00  0.0000000E+00  0.1570796E+01  0.1570796E+01  0.1570796E+01
  0.7000000E+00  0.1506500E-02  0.0000000E+00  0.0000000E+00  0.1570796E+01  0.1570796E+01  0.1570796E+01
  0.7020000E+00  0.1500500E-02  0.0000000E+00  0.0000000E+00  0.1570796E+01  0.1570796E+01  0.1570796E+01
  0.7040000E+00  0.1494500E-02  0.0000000E+00  0.0000000E+00  0.1570796E+01  0.1570796E+01  0.1570796E+01
  0.7060000E+00  0.1488500E-02  0.0000000E+00  0.0000000E+00  0.1570796E+01  0.1570796E+01  0.1570796E+01
  0.7080000E+00  0.1482500E-02  0.0000000E+00  0.0000000E+00  0.1570796E+01  0.1570796E+01  0.1570796E+01
  0.7100000E+00  0.1476500E-02  0.0000000E+00  0.0000000E+00  0.1570796E+01  0.1570796E+01  0.1570796E+01
  0.7120000E+00  0.1470500E-02  0.0000000E+00  0.0000000E+00  0.1570796E+01  0.1570796E+01  0.1570796E+01
  0.7140000E+00  0.1464500E-02  0.0000000E+00  0.0000000E+00  0.1570796E+01  0.1570796E+01  0.1570796E+01
  0.7160000E+00  0.1458500E-02  0.0000000E+00  0.0000000E+00  0.1570796E+01  0.1570796E+01  0.1570796E+01
  0.7180000E+00  0.1452500E-02  0.0000000E+00  0.0000000E+00  0.1570796E+01  0.1570796E+01  0.1570796E+01
  0.7200000E+00  0.1446500E-02  0.0000000E+00  0.0000000E+00  0.1570796E+01  0.1570796E+01  0.1570796E+01
  0.7220000E+00  0.1440500E-02  0.0000000E+00  0.0000000E+00  0.1570796E+01  0.1570796E+01  0.1570796E+01
  0.7240000E+00  0.1434500E-02  0.0000000E+00  0.0000000E+00  0.1570796E+01  0.1570796E+01  0.1570796E+01
  0.7260000E+00  0.1428500E-02  0.0000000E+00  0.0000000E+00  0.1570796E+01  0.1570796E+01  0.1570796E+01
  0.7280000E+00  0.1422500E-02  0.0000000E+00  0.0000000E+00  0.1570796E+01  0.1570796E+01  0.1570796E+01
  0.7300000E+00  0.1416500E-02  0.0000000E+00  0.0000000E+00  0.1570796E+01  0.1570796E+01  0.1570796E+01
  0.7320000E+00  0.1410500E-02  0.0000000E+00  0.0000000E+00  0.1570796E+01  0.1570796E+01  0.1570796E+01
  0.7340000E+00  0.1404500E-02  0.0000000E+00  0.0000000E+00  0.1570796E+01  0.1570796E+01  0.1570796E+01
  0.7360000E+00  0.1398500E-02  0.0000000E+00  0.0000000E+00  0.1570796E+01  0.1570796E+01  0.1570796E+01
  0.7380000E+00  0.1392500E-02  0.0000000E+00  0.0000000E+00  0.1570796E+01  0.1570796E+01  0.1570796E+01
  0.7400000E+00  0.1386500E-02  0.0000000E+00  0.0000000E+00  0.1570796E+01  0.1570796E+01  0.1570796E+01
  0.7420000E+00  0.1380500E-02  0.0000000E+00  0.0000000E+00  0.1570796E+01  0.1570796E+01  0.1570796E+01
  0.7440000E+00  0.1374500E-02  0.0000000E+00  0.0000000E+00  0.1570796E+01  0.1570796E+01  0.1570796E+01
  0.7460000E+00  0.1368500E-02  0.0000000E+00  0.0000000E+00  0.1570796E+01  0.1570796E+01  0.1570796E+01
  0.7480000E+00  0.1362500E-02  0.0000000E+00  0.0000000E+00  0.1570796E+01  0.1570796E+01  0.1570796E+01
  0.7500000E+00  0.1356500E-02  0.0000000E+00  0.0000000E+00  0.1570796E+01  0.1570796E+01  0.1570796E+01
  0.7520000E+00  0.1350500E-02  0.0000000E+00  0.0000000E+00  0.1570796E+01  0.1570796E+01  0.1570796E+01
  0.7540000E+00  0.1344500E-02  0.0000000E+00  0.0000000E+00  0.1570796E+01  0.1570796E+01  0.1570796E+01
  0.7560000E+00  0.1338500E-02  0.0000000E+00  0.0000000E+00  0.1570796E+01  0.1570796E+01  0.1570796E+01
  0.7580000E+00  0.1332500E-02  0.0000000E+00  0.0000000E+00  0.1570796E+01  0.1570796E+01  0.1570796E+01
  0.7600000E+00  0.1326500E-02  0.0000000E+00  0.0000000E+00  0.1570796E+01  0.1570796E+01  0.1570796E+01
  0.7620000E+00  0.1320500E-02  0.0000000E+00  0.0000000E+00  0.1570796E+01  0.1570796E+01  0.1570796E+01
  0.7640000E+00  0.1314500E-02  0.0000000E+00  0.0000000E+00  0.1570796E+01  0.1570796E+01  0.1570796E+01
  0.7660000E+00  0.1308500E-02  0.0000000E+00  0.0000000E+00  0.1570796E+01  0.1570796E+01  0.1570796E+01
  0.7680000E+00  0.1302500E-02  0.0000000E+00  0.0000000E+00  0.1570796E+01  0.1570796E+01  0.1570796E+01
  0.7700000E+00  0.1296500E-02  0.0000000E+00  0.0000000E+00  0.1570796E+01  0.1570796E+01  0.1570796E+01
  0.7720000E+00  0.1290500E-02  0.0000000E+00  0.0000000E+00  0.1570796E+01  0.1570796E+01  0.1570796E+01
  0.7740000E+00  0.1284500E-02  0.0000000E+00  0.0000000E+00  0.1570796E+01  0.1570796E+01  0.1570796E+01
  0.7760000E+00  0.1278500E-02  0.0000000E+00  0.0000000E+00  0.1570796E+01  0.1570796E+01  0.1570796E+01
  0.7780000E+00  0.1272500E-02  0.0000000E+00  0.0000000E+00  0.1570796E+01  0.1570796E+01  0.1570796E+01
  0.7800000E+00  0.1266500E-02  0.0000000E+00  0.0000000E+00  0.1570796E+01  0.1570796E+01  0.1570796E+01
  0.7820000E+00  0.1260500E-02  0.0000000E+00  0.0000000E+00  0.1570796E+01  0.1570796E+01  0.1570796E+01
  0.7840000E+00  0.1254500E-02  0.0000000E+00  0.0000000E+00  0.1570796E+01  0.1570796E+01  0.1570796E+01
  0.7860000E+00  0.1248500E-02  0.0000000E+00  0.0000000E+00  0.1570796E+01  0.1570796E+01  0.1570796E+01
  0.7880000E+00  0.1242500E-02  0.0000000E+00  0.0000000E+00  0.1570796E+01  0.1570796E+01  0.1570796E+01
  0.7900000E+00  0.1236500E-02  0.0000000E+00  0.0000000E+00  0.1570796E+01  0.1570796E+01  0.1570796E+01
  0.7920000E+00  0.1230500E-02  0.0000000E+00  0.0000000E+00  0.1570796E+01  0.1570796E+01  0.1570796E+01
  0.7940000E+00  0.1224500E-02  0.0000000E+00  0.0000000E+00  0.1570796E+01  0.1570796E+01  0.1570796E+01
  0.7960000E+00  0.1218500E-02  0.0000000E+00  0.0000000E+00  0.1570796E+01  0.1570796E+01  0.1570796E+01
  0.7980000E+00  0.1212500E-02  0.0000000E+00  0.0000000E+00  0.1570796E+01  0.1570796E+01  0.1570796E+01
  0.8000000E+00  0.1206500E-02  0.0000000E+00  0.0000000E+00  0.1570796E+01  0.1570796E+01  0.1570796E+01
  0.8020000E+00  0.1208000E-02  0.0000000E+00  0.0000000E+00  0.1570796E+01  0.1570796E+01  0.1570796E+01
  0.8040000E+00  0.1212000E-02  0.0000000E+00  0.0000000E+00  0.1570796E+01  0.1570796E+01  0.1570796E+01
  0.8060000E+00  0.1216000E-02  0.0000000E+00  0.0000000E+00  0.1570796E+01  0.1570796E+01  0.1570796E+01
  0.8080000E+00  0.1220000E-02  0.0000000E+00  0.0000000E+00  0.1570796E+01  0.1570796E+01  0.1570796E+01
  0.8100000E+00  0.1224000E-02  0.0000000E+00  0.0000000E+00  0.1570796E+01  0.1570796E+01  0.1570796E+01
  0.8120000E+00  0.1228000E-02  0.0000000E+00  0.0000000E+00  0.1570796E+01  0.1570796E+01  0.1570796E+01
  0.8140000E+00  0.1232000E-02  0.0000000E+00  0.0000000E+00  0.1570796E+01  0.1570796E+01  0.1570796E+01
  0.8160000E+00  0.1236000E-02  0.0000000E+00  0.0000000E+00  0.1570796E+01  0.1570796E+01  0.1570796E+01
  0.8180000E+00  0.1240000E-02  0.0000000E+00  0.0000000E+00  0.1570796E+01  0.1570796E+01  0.1570796E+01
  0.8200000E+00  0.1244000E-02  0.0000000E+00  0.0000000E+00  0.1570796E+01  0.1570796E+01  0.1570796E+01
  0.8220000E+00  0.1248000E-02  0.0000000E+00  0.0000000E+00  0.1570796E+01  0.1570796E+01  0.1570796E+01
  0.8240000E+00  0.1252000E-02  0.0000000E+00  0.0000000E+00  0.1570796E+01  0.1570796E+01  0.1570796E+01
  0.8260000E+00  0.1256000E-02  0.0000000E+00  0.0000000E+00  0.1570796E+01  0.1570796E+01  0.1570796E+01
  0.8280000E+00  0.1260000E-02  0.0000000E+00  0.0000000E+00  0.1570796E+01  0.1570796E+01  0.1570796E+01
  0.8300000E+00  0.1264000E-02  0.0000000E+00  0.0000000E+00  0.1570796E+01  0.1570796E+01  0.1570796E+01
  0.8320000E+00  0.1268000E-02  0.0000000E+00  0.0000000E+00  0.1570796E+01  0.1570796E+01  0.1570796E+01
  0.8340000E+00  0.1272000E-02  0.0000000E+00  0.0000000E+00  0.1570796E+01  0.1570796E+01  0.1570796E+01
  0.8360000E+00  0.1276000E-02  0.0000000E+00  0.0000000E+00  0.1570796E+01  0.1570796E+01  0.1570796E+01
  0.8380000E+00  0.1280000E-02  0.0000000E+00  0.0000000E+00  0.1570796E+01  0.1570796E+01  0.1570796E+01
  0.8400000E+00  0.1284000E-02  0.0000000E+00  0.0000000E+00  0.1570796E+01  0.1570796E+01  0.1570796E+01
  0.8420000E+00  0.1288000E-02  0.0000000E+00  0.0000000E+00  0.1570796E+01  0.1570796E+01  0.1570796E+01
  0.8440000E+00  0.1292000E-02  0.0000000E+00  0.0000000E+00  0.1570796E+01  0.1570796E+01  0.1570796E+01
  0.8460000E+00  0.1296000E-02  0.0000000E+00  0.0000000E+00  0.1570796E+01  0.1570796E+01  0.1570796E+01
  0.8480000E+00  0.1300000E-02  0.0000000E+00  0.0000000E+00  0.1570796E+01  0.1570796E+01  0.1570796E+01
  0.8500000E+00  0.1304000E-02  0.0000000E+00  0.0000000E+00  0.1570796E+01  0.1570796E+01  0.1570796E+01
  0.8520000E+00  0.1308000E-02  0.0000000E+00  0.0000000E+00  0.1570796E+01  0.1570796E+01  0.1570796E+01
  0.8540000E+00  0.1312000E-02  0.0000000E+00  0.0000000E+00  0.1570796E+01  0.1570796E+01  0.1570796E+01
  0.8560000E+00  0.1316000E-02  0.0000000E+00  0.0000000E+00  0.1570796E+01  0.1570796E+01  0.1570796E+01
  0.8580000E+00  0.1320000E-02  0.0000000E+00  0.0000000E+00  0.1570796E+01  0.1570796E+01  0.1570796E+01
  0.8600000E+00  0.1324000E-02  0.0000000E+00  0.0000000E+00  0.1570796E+01  0.1570796E+01  0.1570796E+01
  0.8620000E+00  0.1328000E-02  0.0000000E+00  0.0000000E+00  0.1570796E+01  0.1570796E+01  0.1570796E+01
  0.8640000E+00  0.1332000E-02  0.0000000E+00  0.0000000E+00  0.1570796E+01  0.1570796E+01  0.1570796E+01
  0.8660000E+00  0.1336000E-02  0.0000000E+00  0.0000000E+00  0.1570796E+01  0.1570796E+01  0.1570796E+01
  0.8680000E+00  0.1340000E-02  0.0000000E+00  0.0000000E+00  0.1570796E+01  0.1570796E+01  0.1570796E+01
  0.8700000E+00  0.1344000E-02  0.0000000E+00  0.0000000E+00  0.1570796E+01  0.1570796E+01  0.1570796E+01
  0.8720000E+00  0.1348000E-02  0.0000000E+00  0.0000000E+00  0.1570796E+01  0.1570796E+01  0.1570796E+01
  0.8740000E+00  0.1352000E-02  0.0000000E+00  0.0000000E+00  0.1570796E+01  0.1570796E+01  0.1570796E+01
  0.8760000E+00  0.1356000E-02  0.0000000E+00  0.0000000E+00  0.1570796E+01  0.1570796E+01  0.1570796E+01
  0.8780000E+00  0.1360000E-02  0.0000000E+00  0.0000000E+00  0.1570796E+01  0.1570796E+01  0.1570796E+01
  0.8800000E+00  0.1364000E-02  0.0000000E+00  0.0000000E+00  0.1570796E+01  0.1570796E+01  0.1570796E+01
  0.8820000E+00  0.1368000E-02  0.0000000E+00  0.0000000E+00  0.1570796E+01  0.1570796E+01  0.1570796E+01
  0.8840000E+00  0.1372000E-02  0.0000000E+00  0.0000000E+00  0.1570796E+01  0.1570796E+01  0.1570796E+01
  0.8860000E+00  0.1376000E-02  0.0000000E+00  0.0000000E+00  0.1570796E+01  0.1570796E+01  0.1570796E+01
  0.8880000E+00  0.1380000E-02  0.0000000E+00  0.0000000E+00  0.1570796E+01  0.1570796E+01  0.1570796E+01
  0.8900000E+00  0.1384000E-02  0.0000000E+00  0.0000000E+00  0.1570796E+01  0.1570796E+01  0.1570796E+01
  0.8920000E+00  0.1388000E-02  0.0000000E+00  0.0000000E+00  0.1570796E+01  0.1570796E+01  0.1570796E+01
  0.8940000E+00  0.1392000E-02  0.0000000E+00  0.0000000E+00  0.1570796E+01  0.1570796E+01  0.1570796E+01
  0.8960000E+00  0.1396000E-02  0.0000000E+00  0.0000000E+00  0.1570796E+01  0.1570796E+01  0.1570796E+01
  0.8980000E+00  0.1400000E-02  0.0000000E+00  0.0000000E+00  0.1570796E+01  0.1570796E+01  0.1570796E+01
  0.9000000E+00  0.1404000E-02  0.0000000E+00  0.0000000E+00  0.1570796E+01  0.1570796E+01  0.1570796E+01
  0.9020000E+00  0.1408000E-02  0.0000000E+00  0.0000000E+00  0.1570796E+01  0.1570796E+01  0.1570796E+01
  0.9040000E+00  0.1412000E-02  0.0000000E+00  0.0000000E+00  0.1570796E+01  0.1570796E+01  0.1570796E+01
  0.9060000E+00  0.1416000E-02  0.0000000E+00  0.0000000E+00  0.1570796E+01  0.1570796E+01  0.1570796E+01
  0.9080000E+00  0.1420000E-02  0.0000000E+00  0.0000000E+00  0.1570796E+01  0.1570796E+01  0.1570796E+01
  0.9100000E+00  0.1424000E-02  0.0000000E+00  0.0000000E+00  0.1570796E+01  0.1570796E+01  0.1570796E+01
  0.9120000E+00  0.1428000E-02  0.0000000E+00  0.0000000E+00  0.1570796E+01  0.1570796E+01  0.1570796E+01
  0.9140000E+00  0.1432000E-02  0.0000000E+00  0.0000000E+00  0.1570796E+01  0.1570796E+01  0.1570796E+01
  0.9160000E+00  0.1436000E-02  0.0000000E+00  0.0000000E+00  0.1570796E+01  0.1570796E+01  0.1570796E+01
  0.9180000E+00  0.1440000E-02  0.0000000E+00  0.0000000E+00  0.1570796E+01  0.1570796E+01  0.1570796E+01
  0.9200000E+00  0.1444000E-02  0.0000000E+00  0.0000000E+00  0.1570796E+01  0.1570796E+01  0.1570796E+01
  0.9220000E+00  0.1448000E-02  0.0000000E+00  0.0000000E+00  0.1570796E+01  0.1570796E+01  0.1570796E+01
  0.9240000E+00  0.1452000E-02  0.0000000E+00  0.0000000E+00  0.1570796E+01  0.1570796E+01  0.1570796E+01
  0.9260000E+00  0.1456000E-02  0.0000000E+00  0.0000000E+00  0.1570796E+01  0.1570796E+01  0.1570796E+01
  0.9280000E+00  0.1460000E-02  0.0000000E+00  0.0000000E+00  0.1570796E+01  0.1570796E+01  0.1570796E+01
  0.9300000E+00  0.1464000E-02  0.0000000E+00  0.0000000E+00  0.1570796E+01  0.1570796E+01  0.1570796E+01
  0.9320000E+00  0.1468000E-02  0.0000000E+00  0.0000000E+00  0.1570796E+01  0.1570796E+01  0.1570796E+01
  0.9340000E+00  0.1472000E-02  0.0000000E+00  0.0000000E+00  0.1570796E+01  0.1570796E+01  0.1570796E+01
  0.9360000E+00  0.1476000E-02  0.0000000E+00  0.0000000E+00  0.1570796E+01  0.1570796E+01  0.1570796E+01
  0.9380000E+00  0.1480000E-02  0.0000000E+00  0.0000000E+00  0.1570796E+01  0.1570796E+01  0.1570796E+01
  0.9400000E+00  0.1484000E-02  0.0000000E+00  0.0000000E+00  0.1570796E+01  0.1570796E+01  0.1570796E+01
  0.9420000E+00  0.1488000E-02  0.0000000E+00  0.0000000E+00  0.1570796E+01  0.1570796E+01  0.1570796E+01
  0.9440000E+00  0.1492000E-02  0.0000000E+00  0.0000000E+00  0.1570796E+01  0.1570796E+01  0.1570796E+01
  0.9460000E+00  0.1496000E-02  0.0000000E+00  0.0000000E+00  0.1570796E+01  0.1570796E+01  0.1570796E+01
  0.9480000E+00  0.1500000E-02  0.0000000E+00  0.0000000E+00  0.1570796E+01  0.1570796E+01  0.1570796E+01
  0.9500000E+00  0.1504000E-02  0.0000000E+00  0.0000000E+00  0.1570796E+01  0.1570796E+01  0.1570796E+01
  0.9520000E+00  0.1508000E-02  0.0000000E+00  0.0000000E+00  0.1570796E+01  0.1570796E+01  0.1570796E+01
  0.9540000E+00  0.1512000E-02  0.0000000E+00  0.0000000E+00  0.1570796E+01  0.1570796E+01  0.1570796E+01
  0.9560000E+00  0.1516000E-02  0.0000000E+00  0.0000000E+00  0.1570796E+01  0.1570796E+01  0.1570796E+01
  0.9580000E+00  0.1520000E-02  0.0000000E+00  0.0000000E+00  0.1570796E+01  0.1570796E+01  0.1570796E+01
  0.9600000E+00  0.1524000E-02  0.0000000E+00  0.0000000E+00  0.1570796E+01  0.1570796E+01  0.1570796E+01
  0.9620000E+00  0.1528000E-02  0.0000000E+00  0.0000000E+00  0.1570796E+01  0.1570796E+01  0.1570796E+01
  0.9640000E+00  0.1532000E-02  0.0000000E+00  0.0000000E+00  0.1570796E+01  0.1570796E+01  0.1570796E+01
  0.9660000E+00  0.1536000E-02  0.0000000E+00  0.0000000E+00  0.1570796E+01  0.1570796E+01  0.1570796E+01
  0.9680000E+00  0.1540000E-02  0.0000000E+00  0.0000000E+00  0.1570796E+01  0.1570796E+01  0.1570796E+01
  0.9700000E+00  0.1544000E-02  0.0000000E+00  0.0000000E+00  0.1570796E+01  0.1570796E+01  0.1570796E+01
  0.9720000E+00  0.1548000E-02  0.0000000E+00  0.0000000E+00  0.1570796E+01  0.1570796E+01  0.1570796E+01
  0.9740000E+00  0.1552000E-02  0.0000000E+00  0.0000000E+00  0.1570796E+01  0.1570796E+01  0.1570796E+01
  0.9760000E+00  0.1556000E-02  0.0000000E+00  0.0000000E+00  0.1570796E+01  0.1570796E+01  0.1570796E+01
  0.9780000E+00  0.1560000E-02  0.0000000E+00  0.0000000E+00  0.1570796E+01  0.1570796E+01  0.1570796E+01
  0.9800000E+00  0.1564000E-02  0.0000000E+00  0.0000000E+00  0.1570796E+01  0.1570796E+01  0.1570796E+01
  0.9820000E+00  0.1568000E-02  0.0000000E+00  0.0000000E+00  0.1570796E+01  0.1570796E+01  0.1570796E+01
  0.9840000E+00  0.1572000E-02  0.0000000E+00  0.0000000E+00  0.1570796E+01  0.1570796E+01  0.1570796E+01
  0.9860000E+00  0.1576000E-02  0.0000000E+00  0.0000000E+00  0.1570796E+01  0.1570796E+01  0.1570796E+01
  0.9880000E+00  0.1580000E-02  0.0000000E+00  0.0000000E+00  0.1570796E+01  0.1570796E+01  0.1570796E+01
  0.9900000E+00  0.1584000E-02  0.0000000E+00  0.0000000E+00  0.1570796E+01  0.1570796E+01  0.1570796E+01
  0.9920000E+00  0.1588000E-02  0.0000000E+00  0.0000000E+00  0.1570796E+01  0.1570796E+01  0.1570796E+01
  0.9940000E+00  0.1592000E-02  0.0000000E+00  0.0000000E+00  0.1570796E+01  0.1570796E+01  0.1570796E+01
  0.9960000E+00  0.1596000E-02  0.0000000E+00  0.0000000E+00  0.1570796E+01  0.1570796E+01  0.1570796E+01
  0.9980000E+00  0.1600000E-02  0.0000000E+00  0.0000000E+00  0.1570796E+01  0.1570796E+01  0.1570796E+01
  0.1000000E+01  0.1604000E-02  0.0000000E+00  0.0000000E+00  0.1570796E+01  0.1570796E+01  0.1570796E+01
  0.1002000E+01  0.1603500E-02  0.0000000E+00  0.0000000E+00  0.1570796E+01  0.1570796E+01  0.1570796E+01
  0.1004000E+01  0.1601500E-02  0.0000000E+00  0.0000000E+00  0.1570796E+01  0.1570796E+01  0.1570796E+01
  0.1006000E+01  0.1599500E-02  0.0000000E+00  0.0000000E+00  0.1570796E+01  0.1570796E+01  0.1570796E+01
  0.1008000E+01  0.1597500E-02  0.0000000E+00  0.0000000E+00  0.1570796E+01  0.1570796E+01  0.1570796E+01
  0.1010000E+01  0.1595500E-02  0.0000000E+00  0.0000000E+00  0.1570796E+01  0.1570796E+01  0.1570796E+01
  0.1012000E+01  0.1593500E-02  0.0000000E+00  0.0000000E+00  0.1570796E+01  0.1570796E+01  0.1570796E+01
  0.1014000E+01  0.1591500E-02  0.0000000E+00  0.0000000E+00  0.1570796E+01  0.1570796E+01  0.1570796E+01
  0.1016000E+01  0.1589500E-02  0.0000000E+00  0.0000000E+00  0.1570796E+01  0.1570796E+01  0.1570796E+01
  0.1018000E+01  0.1587500E-02  0.0000000E+00  0.0000000E+00  0.1570796E+01  0.1570796E+01  0.1570796E+01
  0.1020000E+01  0.1585500E-02  0.0000000E+00  0.0000000E+00  0.1570796E+01  0.1570796E+01  0.1570796E+01
  0.1022000E+01  0.1583500E-02  0.0000000E+00  0.0000000E+00  0.1570796E+01  0.1570796E+01  0.1570796E+01
  0.1024000E+01  0.1581500E-02  0.0000000E+00  0.0000000E+00  0.1570796E+01  0.1570796E+01  0.1570796E+01
  0.1026000E+01  0.1579500E-02  0.0000000E+00  0.0000000E+00  0.1570796E+01  0.1570796E+01  0.1570796E+01
  0.1028000E+01  0.1577500E-02  0.0000000E+00  0.0000000E+00  0.1570796E+01  0.1570796E+01  0.1570796E+01
  0.1030000E+01  0.1575500E-02  0.0000000E+00  0.0000000E+00  0.1570796E+01  0.1570796E+01  0.1570796E+01
  0.1032000E+01  0.1573500E-02  0.0000000E+00  0.0000000E+00  0.1570796E+01  0.1570796E+01  0.1570796E+01
  0.1034000E+01  0.1571500E-02  0.0000000E+00  0.0000000E+00  0.1570796E+01  0.1570796E+01  0.1570796E+01
  0.1036000E+01  0.1569500E-02  0.0000000E+00  0.0000000E+00  0.1570796E+01  0.1570796E+01  0.1570796E+01
  0.1038000E+01  0.1567500E-02  0.0000000E+00  0.0000000E+00  0.1570796E+01  0.1570796E+01  0.1570796E+01
  0.1040000E+01  0.1565500E-02  0.0000000E+00  0.0000000E+00  0.1570796E+01  0.1570796E+01  0.1570796E+01
  0.1042000E+01  0.1563500E-02  0.0000000E+00  0.0000000E+00  0.1570796E+01  0.1570796E+01  0.1570796E+01
  0.1044000E+01  0.1561500E-02  0.0000000E+00  0.0000000E+00  0.1570796E+01  0.1570796E+01  0.1570796E+01
  0.1046000E+01  0.1559500E-02  0.0000000E+00  0.0000000E+00  0.1570796E+01  0.1570796E+01  0.1570796E+01
  0.1048000E+01  0.1557500E-02  0.0000000E+00  0.0000000E+00  0.1570796E+01  0.1570796E+01  0.1570796E+01
  0.1050000E+01  0.1555500E-02  0.0000000E+00  0.0000000E+00  0.1570796E+01  0.1570796E+01  0.1570796E+01
  0.1052000E+01  0.1553500E-02  0.0000000E+00  0.0000000E+00  0.1570796E+01  0.1570796E+01  0.1570796E+01
  0.1054000E+01  0.1551500E-02  0.0000000E+00  0.0000000E+00  0.1570796E+01  0.1570796E+01  0.1570796E+01
  0.1056000E+01  0.1549500E-02  0.0000000E+00  0.0000000E+00  0.1570796E+01  0.1570796E+01  0.1570796E+01
  0.1058000E+01  0.1547500E-02  0.0000000E+00  0.0000000E+00  0.1570796E+01  0.1570796E+01  0.1570796E+01
  0.1060000E+01  0.1545500E-02  0.0000000E+00  0.0000000E+00  0.1570796E+01  0.1570796E+01  0.1570796E+01
  0.1062000E+01  0.1543500E-02  0.0000000E+00  0.0000000E+00  0.1570796E+01  0.1570796E+01  0.1570796E+01
  0.1064000E+01  0.1541500E-02  0.0000000E+00  0.0000000E+00  0.1570796E+01  0.1570796E+01  0.1570796E+01
  0.1066000E+01  0.1539500E-02  0.0000000E+00  0.0000000E+00  0.1570796E+01  0.1570796E+01  0.1570796E+01
  0.1068000E+01  0.1537500E-02  0.0000000E+00  0.0000000E+00  0.1570796E+01  0.1570796E+01  0.1570796E+01
  0.1070000E+01  0.1535500E-02  0.0000000E+00  0.0000000E+00  0.1570796E+01  0.1570796E+01  0.1570796E+01
  0.1072000E+01  0.1533500E-02  0.0000000E+00  0.0000000E+00  0.1570796E+01  0.1570796E+01  0.1570796E+01
  0.1074000E+01  0.1531500E-02  0.0000000E+00  0.0000000E+00  0.1570796E+01  0.1570796E+01  0.1570796E+01
  0.1076000E+01  0.1529500E-02  0.0000000E+00  0.0000000E+00  0.1570796E+01  0.1570796E+01  0.1570796E+01
  0.1078000E+01  0.1527500E-02  0.0000000E+00  0.0000000E+00  0.1570796E+01  0.1570796E+01  0.1570796E+01
  0.1080000E+01  0.1525500E-02  0.0000000E+00  0.0000000E+00  0.1570796E+01  0.1570796E+01  0.1570796E+01
  0.1082000E+01  0.1523500E-02  0.0000000E+00  0.0000000E+00  0.1570796E+01  0.1570796E+01  0.1570796E+01
  0.1084000E+01  0.1521500E-02  0.0000000E+00  0.0000000E+00  0.1570796E+01  0.1570796E+01  0.1570796E+01
  0.1086000E+01  0.1519500E-02  0.0000000E+00  0.0000000E+00  0.1570796E+01  0.1570796E+01  0.1570796E+01
  0.1088000E+01  0.1517500E-02  0.0000000E+00  0.0000000E+00  0.1570796E+01  0.1570796E+01  0.1570796E+01
  0.1090000E+01  0.1515500E-02  0.0000000E+00  0.0000000E+00  0.1570796E+01  0.1570796E+01  0.1570796E+01
  0.1092000E+01  0.1513500E-02  0.0000000E+00  0.0000000E+00  0.1570796E+01  0.1570796E+01  0.1570796E+01
  0.1094000E+01  0.1511500E-02  0.0000000E+00  0.0000000E+00  0.1570796E+01  0.1570796E+01  0.1570796E+01
  0.1096000E+01  0.1509500E-02  0.0000000E+00  0.0000000E+00  0.1570796E+01  0.1570796E+01  0.1570796E+01
  0.1098000E+01  0.1507500E-02  0.0000000E+00  0.0000000E+00  0.1570796E+01  0.1570796E+01  0.1570796E+01
  0.1100000E+01  0.1505500E-02  0.0000000E+00  0.0000000E+00  0.1570796E+01  0.1570796E+01  0.1570796E+01
  0.1102000E+01  0.1503500E-02  0.0000000E+00  0.0000000E+00  0.1570796E+01  0.1570796E+01  0.1570796E+01
  0.1104000E+01  0.1501500E-02  0.0000000E+00  0.0000000E+00  0.1570796E+01  0.1570796E+01  0.1570796E+01
  0.1106000E+01  0.1499500E-02  0.0000000E+00  0.0000000E+00  0.1570796E+01  0.1570796E+01  0.1570796E+01
  0.1108000E+01  0.1497500E-02  0.0000000E+00  0.0000000E+00  0.1570796E+01  0.1570796E+01  0.1570796E+01
  0.1110000E+01  0.1495500E-02  0.0000000E+00  0.0000000E+00  0.1570796E+01  0.1570796E+01  0.1570796E+01
  0.1112000E+01  0.1493500E-02  0.0000000E+00  0.0000000E+00  0.1570796E+01  0.1570796E+01  0.1570796E+01
  0.1114000E+01  0.1491500E-02  0.0000000E+00  0.0000000E+00  0.1570796E+01  0.1570796E+01  0.1570796E+01
  0.1116000E+01  0.1489500E-02  0.0000000E+00  0.0000000E+00  0.1570796E+01  0.1570796E+01  0.1570796E+01
  0.1118000E+01  0.1487500E-02  0.0000000E+00  0.0000000E+00  0.1570796E+01  0.1570796E+01  0.1570796E+01
  0.1120000E+01  0.1485500E-02  0.0000000E+00  0.0000000E+00  0.1570796E+01  0.1570796E+01  0.1570796E+01
  0.1122000E+01  0.1483500E-02  0.0000000E+00  0.0000000E+00  0.1570796E+01  0.1570796E+01  0.1570796E+01
  0.1124000E+01  0.1481500E-02  0.0000000E+00  0.0000000E+00  0.1570796E+01  0.1570796E+01  0.1570796E+01
  0.1126000E+01  0.1479500E-02  0.0000000E+00  0.0000000E+00  0.1570796E+01  0.1570796E+01  0.1570796E+01
  0.1128000E+01  0.1477500E-02  0.0000000E+00  0.0000000E+00  0.1570796E+01  0.1570796E+01  0.1570796E+01
  0.1130000E+01  0.1475500E-02  0.0000000E+00  0.0000000E+00  0.1570796E+01  0.1570796E+01  0.1570796E+01
  0.1132000E+01  0.1473500E-02  0.0000000E+00  0.0000000E+00  0.1570796E+01  0.1570796E+01  0.1570796E+01
  0.1134000E+01  0.1471500E-02  0.0000000E+00  0.0000000E+00  0.1570796E+01  0.1570796E+01  0.1570796E+01
  0.1136000E+01  0.1469500E-02  0.0000000E+00  0.0000000E+00  0.1570796E+01  0.1570796E+01  0.1570796E+01
  0.1138000E+01  0.1467500E-02  0.0000000E+00  0.0000000E+00  0.1570796E+01  0.1570796E+01  0.1570796E+01
  0.1140000E+01  0.1465500E-02  0.0000000E+00  0.0000000E+00  0.1570796E+01  0.1570796E+01  0.1570796E+01
  0.1142000E+01  0.1463500E-02  0.0000000E+00  0.0000000E+00  0.1570796E+01  0.1570796E+01  0.1570796E+01
  0.1144000E+01  0.1461500E-02  0.0000000E+00  0.0000000E+00  0.1570796E+01  0.1570796E+01  0.1570796E+01
  0.1146000E+01  0.1459500E-02  0.0000000E+00  0.0000000E+00  0.1570796E+01  0.1570796E+01  0.1570796E+01
  0.1148000E+01  0.1457500E-02  0.0000000E+00  0.0000000E+00  0.1570796E+01  0.1570796E+01  0.1570796E+01
  0.1150000E+01  0.1455500E-02  0.0000000E+00  0.0000000E+00  0.1570796E+01  0.1570796E+01  0.1570796E+01
  0.1152000E+01  0.1453500E-02  0.0000000E+00  0.0000000E+00  0.1570796E+01  0.1570796E+01  0.1570796E+01
  0.1154000E+01  0.1451500E-02  0.0000000E+00  0.0000000E+00  0.1570796E+01  0.1570796E+01  0.1570796E+01
  0.1156000E+01  0.1449500E-02  0.0000000E+00  0.0000000E+00  0.1570796E+01  0.1570796E+01  0.1570796E+01
  0.1158000E+01  0.1447500E-02  0.0000000E+00  0.0000000E+00  0.1570796E+01  0.1570796E+01  0.1570796E+01
  0.1160000E+01  0.1445500E-02  0.0000000E+00  0.0000000E+00  0.1570796E+01  0.1570796E+01  0.1570796E+01
  0.1162000E+01  0.1443500E-02  0.0000000E+00  0.0000000E+00  0.1570796E+01  0.1570796E+01  0.1570796E+01
  0.1164000E+01  0.1441500E-02  0.0000000E+00  0.0000000E+00  0.1570796E+01  0.1570796E+01  0.1570796E+01
  0.1166000E+01  0.1439500E-02  0.0000000E+00  0.0000000E+00  0.1570796E+01  0.1570796E+01  0.1570796E+01
  0.1168000E+01  0.1437500E-02  0.0000000E+00  0.0000000E+00  0.1570796E+01  0.1570796E+01  0.1570796E+01
  0.1170000E+01  0.1435500E-02  0.0000000E+00  0.0000000E+00  0.1570796E+01  0.1570796E+01  0.1570796E+01
  0.1172000E+01  0.1433500E-02  0.0000000E+00  0.0000000E+00  0.1570796E+01  0.1570796E+01  0.1570796E+01
  0.1174000E+01  0.1431500E-02  0.0000000E+00  0.0000000E+00  0.1570796E+01  0.1570796E+01  0.1570796E+01
  0.1176000E+01  0.1429500E-02  0.0000000E+00  0.0000000E+00  0.1570796E+01  0.1570796E+01  0.1570796E+01
  0.1178000E+01  0.1427500E-02  0.0000000E+00  0.0000000E+00  0.1570796E+01  0.1570796E+01  0.1570796E+01
  0.1180000E+01  0.1425500E-02  0.0000000E+00  0.0000000E+00  0.1570796E+01  0.1570796E+01  0.1570796E+01
  0.1182000E+01  0.1423500E-02  0.0000000E+00  0.0000000E+00  0.1570796E+01  0.1570796E+01  0.1570796E+01
  0.1184000E+01  0.1421500E-02  0.0000000E+00  0.0000000E+00  0.1570796E+01  0.1570796E+01  0.1570796E+01
  0.1186000E+01  0.1419500E-02  0.0000000E+00  0.0000000E+00  0.1570796E+01  0.1570796E+01  0.1570796E+01
  0.1188000E+01  0.1417500E-02  0.0000000E+00  0.0000000E+00  0.1570796E+01  0.1570796E+01  0.1570796E+01
  0.1190000E+01  0.1415500E-02  0.0000000E+00  0.0000000E+00  0.1570796E+01  0.1570796E+01  0.1570796E+01
  0.1192000E+01  0.1413500E-02  0.0000000E+00  0.0000000E+00  0.1570796E+01  0.1570796E+01  0.1570796E+01
  0.1194000E+01  0.1411500E-02  0.0000000E+00  0.0000000E+00  0.1570796E+01  0.1570796E+01  0.1570796E+01
  0.1196000E+01  0.1409500E-02  0.0000000E+00  0.0000000E+00  0.1570796E+01  0.1570796E+01  0.1570796E+01
  0.1198000E+01  0.1407500E-02  0.0000000E+00  0.0000000E+00  0.1570796E+01  0.1570796E+01  0.1570796E+01
  0.1200000E+01  0.1405500E-02  0.0000000E+00  0.0000000E+00  0.1570796E+01  0.1570796E+01  0.1570796E+01
  0.1202000E+01  0.1406500E-02  0.0000000E+00  0.0000000E+00  0.1570796E+01  0.1570796E+01  0.1570796E+01
  0.1204000E+01  0.1407500E-02  0.0000000E+00  0.0000000E+00  0.1570796E+01  0.1570796E+01  0.1570796E+01
  0.1206000E+01  0.1408500E-02  0.0000000E+00  0.0000000E+00  0.1570796E+01  0.1570796E+01  0.1570796E+01
  0.1208000E+01  0.1409500E-02  0.0000000E+00  0.0000000E+00  0.1570796E+01  0.1570796E+01  0.1570796E+01
  0.1210000E+01  0.1410500E-02  0.0000000E+00  0.0000000E+00  0.1570796E+01  0.1570796E+01  0.1570796E+01
  0.1212000E+01  0.1411500E-02  0.0000000E+00  0.0000000E+00  0.1570796E+01  0.1570796E+01  0.1570796E+01
  0.1214000E+01  0.1412500E-02  0.0000000E+00  0.0000000E+00  0.1570796E+01  0.1570796E+01  0.1570796E+01
  0.1216000E+01  0.1413500E-02  0.0000000E+00  0.0000000E+00  0.1570796E+01  0.1570796E+01  0.1570796E+01
  0.1218000E+01  0.1414500E-02  0.0000000E+00  0.0000000E+00  0.1570796E+01  0.1570796E+01  0.1570796E+01
  0.1220000E+01  0.1415500E-02  0.0000000E+00  0.0000000E+00  0.1570796E+01  0.1570796E+01  0.1570796E+01
  0.1222000E+01  0.1416500E-02  0.0000000E+00  0.0000000E+00  0.1570796E+01  0.1570796E+01  0.1570796E+01
  0.1224000E+01  0.1417500E-02  0.0000000E+00  0.0000000E+00  0.1570796E+01  0.1570796E+01  0.1570796E+01
  0.1226000E+01  0.1418500E-02  0.0000000E+00  0.0000000E+00  0.1570796E+01  0.1570796E+01  0.1570796E+01
  0.1228000E+01  0.1419500E-02  0.0000000E+00  0.0000000E+00  0.1570796E+01  0.1570796E+01  0.1570796E+01
  0.1230000E+01  0.1420500E-02  0.0000000E+00  0.0000000E+00  0.1570796E+01  0.1570796E+01  0.1570796E+01
  0.1232000E+01  0.1421500E-02  0.0000000E+00  0.0000000E+00  0.1570796E+01  0.1570796E+01  0.1570796E+01
  0.1234000E+01  0.1422500E-02  0.0000000E+00  0.0000000E+00  0.1570796E+01  0.1570796E+01  0.1570796E+01
  0.1236000E+01  0.1423500E-02  0.0000000E+00  0.0000000E+00  0.1570796E+01  0.1570796E+01  0.1570796E+01
  0.1238000E+01  0.1424500E-02  0.0000000E+00  0.0000000E+00  0.1570796E+01  0.1570796E+01  0.1570796E+01
  0.1240000E+01  0.1425500E-02  0.0000000E+00  0.0000000E+00  0.1570796E+01  0.1570796E+01  0.1570796E+01
  0.1242000E+01  0.1426500E-02  0.0000000E+00  0.0000000E+00  0.1570796E+01  0.1570796E+01  0.1570796E+01
  0.1244000E+01  0.1427500E-02  0.0000000E+00  0.0000000E+00  0.1570796E+01  0.1570796E+01  0.1570796E+01
  0.1246000E+01  0.1428500E-02  0.0000000E+00  0.0000000E+00  0.1570796E+01  0.1570796E+01  0.1570796E+01
  0.1248000E+01  0.1429500E-02  0.0000000E+00  0.0000000E+00  0.1570796E+01  0.1570796E+01  0.1570796E+01
  0.1250000E+01  0.1430500E-02  0.0000000E+00  0.0000000E+00  0.1570796E+01  0.1570796E+01  0.1570796E+01
  0.1252000E+01  0.1431500E-02  0.0000000E+00  0.0000000E+00  0.1570796E+01  0.1570796E+01  0.1570796E+01
  0.1254000E+01  0.1432500E-02  0.0000000E+00  0.0000000E+00  0.1570796E+01  0.1570796E+01  0.1570796E+01
  0.1256000E+01  0.1433500E-02  0.0000000E+00  0.0000000E+00  0.1570796E+01  0.1570796E+01  0.1570796E+01
  0.1258000E+01  0.1434500E-02  0.0000000E+00  0.0000000E+00  0.1570796E+01  0.1570796E+01  0.1570796E+01
  0.1260000E+01  0.1435500E-02  0.0000000E+00  0.0000000E+00  0.1570796E+01  0.1570796E+01  0.1570796E+01
  0.1262000E+01  0.1436500E-02  0.0000000E+00  0.0000000E+00  0.1570796E+01  0.1570796E+01  0.1570796E+01
  0.1264000E+01  0.1437500E-02  0.0000000E+00  0.0000000E+00  0.1570796E+01  0.1570796E+01  0.1570796E+01
  0.1266000E+01  0.1438500E-02  0.0000000E+00  0.0000000E+00  0.1570796E+01  0.1570796E+01  0.1570796E+01
  0.1268000E+01  0.1439500E-02  0.0000000E+00  0.0000000E+00  0.1570796E+01  0.1570796E+01  0.1570796E+01
  0.1270000E+01  0.1440500E-02  0.0000000E+00  0.0000000E+00  0.1570796E+01  0.1570796E+01  0.1570796E+01
  0.1272000E+01  0.1441500E-02  0.0000000E+00  0.0000000E+00  0.1570796E+01  0.1570796E+01  0.1570796E+01
  0.1274000E+01  0.1442500E-02  0.0000000E+00  0.0000000E+00  0.1570796E+01  0.1570796E+01  0.1570796E+01
  0.1276000E+01  0.1443500E-02  0.0000000E+00  0.0000000E+00  0.1570796E+01  0.1570796E+01  0.1570796E+01
  0.1278000E+01  0.1444500E-02  0.0000000E+00  0.0000000E+00  0.1570796E+01  0.1570796E+01  0.1570796E+01
  0.1280000E+01  0.1445500E-02  0.0000000E+00  0.0000000E+00  0.1570796E+01  0.1570796E+01  0.1570796E+01
  0.1282000E+01  0.1446500E-02  0.0000000E+00  0.0000000E+00  0.1570796E+01  0.1570796E+01  0.1570796E+01
  0.1284000E+01  0.1447500E-02  0.0000000E+00  0.0000000E+00  0.1570796E+01  0.1570796E+01  0.1570796E+01
  0.1286000E+01  0.1448500E-02  0.0000000E+00  0.0000000E+00  0.1570796E+01  0.1570796E+01  0.1570796E+01
  0.1288000E+01  0.1449500E-02  0.0000000E+00  0.0000000E+00  0.1570796E+01  0.1570796E+01  0.1570796E+01
  0.1290000E+01  0.1450500E-02  0.0000000E+00  0.0000000E+00  0.1570796E+01  0.1570796E+01  0.1570796E+01
  0.1292000E+01  0.1451500E-02  0.0000000E+00  0.0000000E+00  0.1570796E+01  0.1570796E+01  0.1570796E+01
  0.1294000E+01  0.1452500E-02  0.0000000E+00  0.0000000E+00  0.1570796E+01  0.1570796E+01  0.1570796E+01
  0.1296000E+01  0.1453500E-02  0.0000000E+00  0.0000000E+00  0.1570796E+01  0.1570796E+01  0.1570796E+01
  0.1298000E+01  0.1454500E-02  0.0000000E+00  0.0000000E+00  0.1570796E+01  0.1570796E+01  0.1570796E+01
  0.1300000E+01  0.1455500E-02  0.0000000E+00  0.0000000E+00  0.1570796E+01  0.1570796E+01  0.1570796E+01
  0.1302000E+01  0.1456500E-02  0.0000000E+00  0.0000000E+00  0.1570796E+01  0.1570796E+01  0.1570796E+01
  0.1304000E+01  0.1457500E-02  0.0000000E+00  0.0000000E+00  0.1570796E+01  0.1570796E+01  0.1570796E+01
  0.1306000E+01  0.1458500E-02  0.0000000E+00  0.0000000E+00  0.1570796E+01  0.1570796E+01  0.1570796E+01
  0.1308000E+01  0.1459500E-02  0.0000000E+00  0.0000000E+00  0.1570796E+01  0.1570796E+01  0.1570796E+01
  0.1310000E+01  0.1460500E-02  0.0000000E+00  0.0000000E+00  0.1570796E+01  0.1570796E+01  0.1570796E+01
  0.1312000E+01  0.1461500E-02  0.0000000E+00  0.0000000E+00  0.1570796E+01  0.1570796E+01  0.1570796E+01
  0.1314000E+01  0.1462500E-02  0.0000000E+00  0.0000000E+00  0.1570796E+01  0.1570796E+01  0.1570796E+01
  0.1316000E+01  0.1463500E-02  0.0000000E+00  0.0000000E+00  0.1570796E+01  0.1570796E+01  0.1570796E+01
  0.1318000E+01  0.1464500E-02  0.0000000E+00  0.0000000E+00  0.1570796E+01  0.1570796E+01  0.1570796E+01
  0.1320000E+01  0.1465500E-02  0.0000000E+00  0.0000000E+00  0.1570796E+01  0.1570796E+01  0.1570796E+01
  0.1322000E+01  0.1466500E-02  0.0000000E+00  0.0000000E+00  0.1570796E+01  0.1570796E+01  0.1570796E+01
  0.1324000E+01  0.1467500E-02  0.0000000E+00  0.0000000E+00  0.1570796E+01  0.1570796E+01  0.1570796E+01
  0.1326000E+01  0.1468500E-02  0.0000000E+00  0.0000000E+00  0.1570796E+01  0.1570796E+01  0.1570796E+01
  0.1328000E+01  0.1469500E-02  0.0000000E+00  0.0000000E+00  0.1570796E+01  0.1570796E+01  0.1570796E+01
  0.1330000E+01  0.1470500E-02  0.0000000E+00  0.0000000E+00  0.1570796E+01  0.1570796E+01  0.1570796E+01
  0.1332000E+01  0.1471500E-02  0.0000000E+00  0.0000000E+00  0.1570796E+01  0.1570796E+01  0.1570796E+01
  0.1334000E+01  0.1472500E-02  0.0000000E+00  0.0000000E+00  0.1570796E+01  0.1570796E+01  0.1570796E+01
  0.1336000E+01  0.1473500E-02  0.0000000E+00  0.0000000E+00  0.1570796E+01  0.1570796E+01  0.1570796E+01
  0.1338000E+01  0.1474500E-02  0.0000000E+00  0.0000000E+00  0.1570796E+01  0.1570796E+01  0.1570796E+01
  0.1340000E+01  0.1475500E-02  0.0000000E+00  0.0000000E+00  0.1570796E+01  0.1570796E+01  0.1570796E+01
  0.1342000E+01  0.1476500E-02  0.0000000E+00  0.0000000E+00  0.1570796E+01  0.1570796E+01  0.1570796E+01
  0.1344000E+01  0.1477500E-02  0.0000000E+00  0.0000000E+00  0.1570796E+01  0.1570796E+01  0.1570796E+01
  0.1346000E+01  0.1478500E-02  0.0000000E+00  0.0000000E+00  0.1570796E+01  0.1570796E+01  0.1570796E+01
  0.1348000E+01  0.1479500E-02  0.0000000E+00  0.0000000E+00  0.1570796E+01  0.1570796E+01  0.1570796E+01
  0.1350000E+01  0.1480500E-02  0.0000000E+00  0.0000000E+00  0.1570796E+01  0.1570796E+01  0.1570796E+01
  0.1352000E+01  0.1481500E-02  0.0000000E+00  0.0000000E+00  0.1570796E+01  0.1570796E+01  0.1570796E+01
  0.1354000E+01  0.1482500E-02  0.0000000E+00  0.0000000E+00  0.1570796E+01  0.1570796E+01  0.1570796E+01
  0.1356000E+01  0.1483500E-02  0.0000000E+00  0.0000000E+00  0.1570796E+01  0.1570796E+01  0.1570796E+01
  0.1358000E+01  0.1484500E-02  0.0000000E+00  0.0000000E+00  0.1570796E+01  0.1570796E+01  0.1570796E+01
  0.1360000E+01  0.1485500E-02  0.0000000E+00  0.0000000E+00  0.1570796E+01  0.1570796E+01  0.1570796E+01
  0.1362000E+01  0.1486500E-02  0.0000000E+00  0.0000000E+00  0.1570796E+01  0.1570796E+01  0.1570796E+01
  0.1364000E+01  0.1487500E-02  0.0000000E+00  0.0000000E+00  0.1570796E+01  0.1570796E+01  0.1570796E+01
  0.1366000E+01  0.1488500E-02  0.0000000E+00  0.0000000E+00  0.1570796E+01  0.1570796E+01  0.1570796E+01
  0.1368000E+01  0.1489500E-02  0.0000000E+00  0.0000000E+00  0.1570796E+01  0.1570796E+01  0.1570796E+01
  0.1370000E+01  0.1490500E-02  0.0000000E+00  0.0000000E+00  0.1570796E+01  0.1570796E+01  0.1570796E+01
  0.1372000E+01  0.1491500E-02  0.0000000E+00  0.0000000E+00  0.1570796E+01  0.1570796E+01  0.1570796E+01
  0.1374000E+01  0.1492500E-02  0.0000000E+00  0.0000000E+00  0.1570796E+01  0.1570796E+01  0.1570796E+01
  0.1376000E+01  0.1493500E-02  0.0000000E+00  0.0000000E+00  0.1570796E+01  0.1570796E+01  0.1570796E+01
  0.1378000E+01  0.1494500E-02  0.0000000E+00  0.0000000E+00  0.1570796E+01  0.1570796E+01  0.1570796E+01
  0.1380000E+01  0.1495500E-02  0.0000000E+00  0.0000000E+00  0.1570796E+01  0.1570796E+01  0.1570796E+01
  0.1382000E+01  0.1496500E-02  0.0000000E+00  0.0000000E+00  0.1570796E+01  0.1570796E+01  0.1570796E+01
  0.1384000E+01  0.1497500E-02  0.0000000E+00  0.0000000E+00  0.1570796E+01  0.1570796E+01  0.1570796E+01
  0.1386000E+01  0.1498500E-02  0.0000000E+00  0.0000000E+00  0.1570796E+01  0.1570796E+01  0.1570796E+01
  0.1388000E+01  0.1499500E-02  0.0000000E+00  0.0000000E+00  0.1570796E+01  0.1570796E+01  0.1570796E+01
  0.1390000E+01  0.1500500E-02  0.0000000E+00  0.0000000E+00  0.1570796E+01  0.1570796E+01  0.1570796E+01
  0.1392000E+01  0.1501500E-02  0.0000000E+00  0.0000000E+00  0.1570796E+01  0.1570796E+01  0.1570796E+01
  0.1394000E+01  0.1502500E-02  0.0000000E+00  0.0000000E+00  0.1570796E+01  0.1570796E+01  0.1570796E+01
  0.1396000E+01  0.1503500E-02  0.0000000E+00  0.0000000E+00  0.1570796E+01  0.1570796E+01  0.1570796E+01
  0.1398000E+01  0.1504500E-02  0.0000000E+00  0.0000000E+00  0.1570796E+01  0.1570796E+01  0.1570796E+01
  0.1400000E+01  0.1505500E-02  0.0000000E+00  0.0000000E+00  0.1570796E+01  0.1570796E+01  0.1570796E+01
  0.1402000E+01  0.1504500E-02  0.0000000E+00  0.0000000E+00  0.1570796E+01  0.1570796E+01  0.1570796E+01
  0.1404000E+01  0.1503500E-02  0.0000000E+00  0.0000000E+00  0.1570796E+01  0.1570796E+01  0.1570796E+01
  0.1406000E+01  0.1502500E-02  0.0000000E+00  0.0000000E+00  0.1570796E+01  0.1570796E+01  0.1570796E+01
  0.1408000E+01  0.1501500E-02  0.0000000E+00  0.0000000E+00  0.1570796E+01  0.1570796E+01  0.1570796E+01
  0.1410000E+01  0.1500500E-02  0.0000000E+00  0.0000000E+00  0.1570796E+01  0.1570796E+01  0.1570796E+01
  0.1412000E+01  0.1499500E-02  0.0000000E+00  0.0000000E+00  0.1570796E+01  0.1570796E+01  0.1570796E+01
  0.1414000E+01  0.1498500E-02  0.0000000E+00  0.0000000E+00  0.1570796E+01  0.1570796E+01  0.1570796E+01
  0.1416000E+01  0.1497500E-02  0.0000000E+00  0.0000000E+00  0.1570796E+01  0.1570796E+01  0.1570796E+01
  0.1418000E+01  0.1496500E-02  0.0000000E+00  0.0000000E+00  0.1570796E+01  0.1570796E+01  0.1570796E+01
  0.1420000E+01  0.1495500E-02  0.0000000E+00  0.0000000E+00  0.1570796E+01  0.1570796E+01  0.1570796E+01
  0.1422000E+01  0.1494500E-02  0.0000000E+00  0.0000000E+00  0.1570796E+01  0.1570796E+01  0.1570796E+01
  0.1424000E+01  0.1493500E-02  0.0000000E+00  0.0000000E+00  0.1570796E+01  0.1570796E+01  0.1570796E+01
  0.1426000E+01  0.1492500E-02  0.0000000E+00  0.0000000E+00  0.1570796E+01  0.1570796E+01  0.1570796E+01
  0.1428000E+01  0.1491500E-02  0.0000000E+00  0.0000000E+00  0.1570796E+01  0.1570796E+01  0.1570796E+01
  0.1430000E+01  0.1490500E-02  0.0000000E+00  0.0000000E+00  0.1570796E+01  0.1570796E+01  0.1570796E+01
  0.1432000E+01  0.1489500E-02  0.0000000E+00  0.0000000E+00  0.1570796E+01  0.1570796E+01  0.1570796E+01
  0.1434000E+01  0.1488500E-02  0.0000000E+00  0.0000000E+00  0.1570796E+01  0.1570796E+01  0.1570796E+01
  0.1436000E+01  0.1487500E-02  0.0000000E+00  0.0000000E+00  0.1570796E+01  0.1570796E+01  0.1570796E+01
  0.1438000E+01  0.1486500E-02  0.0000000E+00  0.0000000E+00  0.1570796E+01  0.1570796E+01  0.1570796E+01
  0.1440000E+01  0.1485500E-02  0.0000000E+00  0.0000000E+00  0.1570796E+01  0.1570796E+01  0.1570796E+01
  0.1442000E+01  0.1484500E-02  0.0000000E+00  0.0000000E+00  0.1570796E+01  0.1570796E+01  0.1570796E+01
  0.1444000E+01  0.1483500E-02  0.0000000E+00  0.0000000E+00  0.1570796E+01  0.1570796E+01  0.1570796E+01
  0.1446000E+01  0.1482500E-02  0.0000000E+00  0.0000000E+00  0.1570796E+01  0.1570796E+01  0.1570796E+01
  0.1448000E+01  0.1481500E-02  0.0000000E+00  0.0000000E+00  0.1570796E+01  0.1570796E+01  0.1570796E+01
  0.1450000E+01  0.1480500E-02  0.0000000E+00  0.0000000E+00  0.1570796E+01  0.1570796E+01  0.1570796E+01
  0.1452000E+01  0.1479500E-02  0.0000000E+00  0.0000000E+00  0.1570796E+01  0.1570796E+01  0.1570796E+01
  0.1454000E+01  0.1478500E-02  0.0000000E+00  0.0000000E+00  0.1570796E+01  0.1570796E+01  0.1570796E+01
  0.1456000E+01  0.1477500E-02  0.0000000E+00  0.0000000E+00  0.1570796E+01  0.1570796E+01  0.1570796E+01
  0.1458000E+01  0.1476500E-02  0.0000000E+00  0.0000000E+00  0.1570796E+01  0.1570796E+01  0.1570796E+01
  0.1460000E+01  0.1475500E-02  0.0000000E+00  0.0000000E+00  0.1570796E+01  0.1570796E+01  0.1570796E+01
  0.1462000E+01  0.1474500E-02  0.0000000E+00  0.0000000E+00  0.1570796E+01  0.1570796E+01  0.1570796E+01
  0.1464000E+01  0.1473500E-02  0.0000000E+00  0.0000000E+00  0.1570796E+01  0.1570796E+01  0.1570796E+01
  0.1466000E+01  0.1472500E-02  0.0000000E+00  0.0000000E+00  0.1570796E+01  0.1570796E+01  0.1570796E+01
  0.1468000E+01  0.1471500E-02  0.0000000E+00  0.0000000E+00  0.1570796E+01  0.1570796E+01  0.1570796E+01
  0.1470000E+01  0.1470500E-02  0.0000000E+00  0.0000000E+00  0.1570796E+01  0.1570796E+01  0.1570796E+01
  0.1472000E+01  0.1469500E-02  0.0000000E+00  0.0000000E+00  0.1570796E+01  0.1570796E+01  0.1570796E+01
  0.1474000E+01  0.1468500E-02  0.0000000E+00  0.0000000E+00  0.1570796E+01  0.1570796E+01  0.1570796E+01
  0.1476000E+01  0.1467500E-02  0.0000000E+00  0.0000000E+00  0.1570796E+01  0.1570796E+01  0.1570796E+01
  0.1478000E+01  0.1466500E-02  0.0000000E+00  0.0000000E+00  0.1570796E+01  0.1570796E+01  0.1570796E+01
  0.1480000E+01  0.1465500E-02  0.0000000E+00  0.0000000E+00  0.1570796E+01  0.1570796E+01  0.1570796E+01
  0.1482000E+01  0.1464500E-02  0.0000000E+00  0.0000000E+00  0.1570796E+01  0.1570796E+01  0.1570796E+01
  0.1484000E+01  0.1463500E-02  0.0000000E+00  0.0000000E+00  0.1570796E+01  0.1570796E+01  0.1570796E+01
  0.1486000E+01  0.1462500E-02  0.0000000E+00  0.0000000E+00  0.1570796E+01  0.1570796E+01  0.1570796E+01
  0.1488000E+01  0.1461500E-02  0.0000000E+00  0.0000000E+00  0.1570796E+01  0.1570796E+01  0.1570796E+01
  0.1490000E+01  0.1460500E-02  0.0000000E+00  0.0000000E+00  0.1570796E+01  0.1570796E+01  0.1570796E+01
  0.1492000E+01  0.1459500E-02  0.0000000E+00  0.0000000E+00  0.1570796E+01  0.1570796E+01  0.1570796E+01
  0.1494000E+01  0.1458500E-02  0.0000000E+00  0.0000000E+00  0.1570796E+01  0.1570796E+01  0.1570796E+01
  0.1496000E+01  0.1457500E-02  0.0000000E+00  0.0000000E+00  0.1570796E+01  0.1570796E+01  0.1570796E+01
  0.1498000E+01  0.1456500E-02  0.0000000E+00  0.0000000E+00  0.1570796E+01  0.1570796E+01  0.1570796E+01
  0.1500000E+01  0.1455500E-02  0.0000000E+00  0.0000000E+00  0.1570796E+01  0.1570796E+01  0.1570796E+01
  0.1502000E+01  0.1454500E-02  0.0000000E+00  0.0000000E+00  0.1570796E+01  0.1570796E+01  0.1570796E+01
  0.1504000E+01  0.1453500E-02  0.0000000E+00  0.0000000E+00  0.1570796E+01  0.1570796E+01  0.1570796E+01
  0.1506000E+01  0.1452500E-02  0.0000000E+00  0.0000000E+00  0.1570796E+01  0.1570796E+01  0.1570796E+01
  0.1508000E+01  0.1451500E-02  0.0000000E+00  0.0000000E+00  0.1570796E+01  0.1570796E+01  0.1570796E+01
  0.1510000E+01  0.1450500E-02  0.0000000E+00  0.0000000E+00  0.1570796E+01  0.1570796E+01  0.1570796E+01
  0.1512000E+01  0.1449500E-02  0.0000000E+00  0.0000000E+00  0.1570796E+01  0.1570796E+01  0.1570796E+01
  0.1514000E+01  0.1448500E-02  0.0000000E+00  0.0000000E+00  0.1570796E+01  0.1570796E+01  0.1570796E+01
  0.1516000E+01  0.1447500E-02  0.0000000E+00  0.0000000E+00  0.1570796E+01  0.1570796E+01  0.1570796E+01
  0.1518000E+01  0.1446500E-02  0.0000000E+00  0.0000000E+00  0.1570796E+01  0.1570796E+01  0.1570796E+01
  0.1520000E+01  0.1445500E-02  0.0000000E+00  0.0000000E+00  0.1570796E+01  0.1570796E+01  0.1570796E+01
  0.1522000E+01  0.1444500E-02  0.0000000E+00  0.0000000E+00  0.1570796E+01  0.1570796E+01  0.1570796E+01
  0.1524000E+01  0.1443500E-02  0.0000000E+00  0.0000000E+00  0.1570796E+01  0.1570796E+01  0.1570796E+01
  0.1526000E+01  0.1442500E-02  0.0000000E+00  0.0000000E+00  0.1570796E+01  0.1570796E+01  0.1570796E+01
  0.1528000E+01  0.1441500E-02  0.0000000E+00  0.0000000E+00  0.1570796E+01  0.1570796E+01  0.1570796E+01
  0.1530000E+01  0.1440500E-02  0.0000000E+00  0.0000000E+00  0.1570796E+01  0.1570796E+01  0.1570796E+01
  0.1532000E+01  0.1439500E-02  0.0000000E+00  0.0000000E+00  0.1570796E+01  0.1570796E+01  0.1570796E+01
  0.1534000E+01  0.1438500E-02  0.0000000E+00  0.0000000E+00  0.1570796E+01  0.1570796E+01  0.1570796E+01
  0.1536000E+01  0.1437500E-02  0.0000000E+00  0.0000000E+00  0.1570796E+01  0.1570796E+01  0.1570796E+01
  0.1538000E+01  0.1436500E-02  0.0000000E+00  0.0000000E+00  0.1570796E+01  0.1570796E+01  0.1570796E+01
  0.1540000E+01  0.1435500E-02  0.0000000E+00  0.0000000E+00  0.1570796E+01  0.1570796E+01  0.1570796E+01
  0.1542000E+01  0.1434500E-02  0.0000000E+00  0.0000000E+00  0.1570796E+01  0.1570796E+01  0.1570796E+01
  0.1544000E+01  0.1433500E-02  0.0000000E+00  0.0000000E+00  0.1570796E+01  0.1570796E+01  0.1570796E+01
  0.1546000E+01  0.1432500E-02  0.0000000E+00  0.0000000E+00  0.1570796E+01  0.1570796E+01  0.1570796E+01
  0.1548000E+01  0.1431500E-02  0.0000000E+00  0.0000000E+00  0.1570796E+01  0.1570796E+01  0.1570796E+01
  0.1550000E+01  0.1430500E-02  0.0000000E+00  0.0000000E+00  0.1570796E+01  0.1570796E+01  0.1570796E+01
  0.1552000E+01  0.1429500E-02  0.0000000E+00  0.0000000E+00  0.1570796E+01  0.1570796E+01  0.1570796E+01
  0.1554000E+01  0.1428500E-02  0.0000000E+00  0.0000000E+00  0.1570796E+01  0.1570796E+01  0.1570796E+01
  0.1556000E+01  0.1427500E-02  0.0000000E+00  0.0000000E+00  0.1570796E+01  0.1570796E+01  0.1570796E+01
  0.1558000E+01  0.1426500E-02  0.0000000E+00  0.0000000E+00  0.1570796E+01  0.1570796E+01  0.1570796E+01
  0.1560000E+01  0.1425500E-02  0.0000000E+00  0.0000000E+00  0.1570796E+01  0.1570796E+01  0.1570796E+01
  0.1562000E+01  0.1424500E-02  0.0000000E+00  0.0000000E+00  0.1570796E+01  0.1570796E+01  0.1570796E+01
  0.1564000E+01  0.1423500E-02  0.0000000E+00  0.0000000E+00  0.1570796E+01  0.1570796E+01  0.1570796E+01
  0.1566000E+01  0.1422500E-02  0.0000000E+00  0.0000000E+00  0.1570796E+01  0.1570796E+01  0.1570796E+01
  0.1568000E+01  0.1421500E-02  0.0000000E+00  0.0000000E+00  0.1570796E+01  0.1570796E+01  0.1570796E+01
  0.1570000E+01  0.1420500E-02  0.0000000E+00  0.0000000E+00  0.1570796E+01  0.1570796E+01  0.1570796E+01
  0.1572000E+01  0.1419500E-02  0.0000000E+00  0.0000000E+00  0.1570796E+01  0.1570796E+01  0.1570796E+01
  0.1574000E+01  0.1418500E-02  0.0000000E+00  0.0000000E+00  0.1570796E+01  0.1570796E+01  0.1570796E+01
  0.1576000E+01  0.1417500E-02  0.0000000E+00  0.0000000E+00  0.1570796E+01  0.1570796E+01  0.1570796E+01
  0.1578000E+01  0.1416500E-02  0.0000000E+00  0.0000000E+00  0.1570796E+01  0.1570796E+01  0.1570796E+01
  0.1580000E+01  0.1415500E-02  0.0000000E+00  0.0000000E+00  0.1570796E+01  0.1570796E+01  0.1570796E+01
  0.1582000E+01  0.1414500E-02  0.0000000E+00  0.0000000E+00  0.1570796E+01  0.1570796E+01  0.1570796E+01
  0.1584000E+01  0.1413500E-02  0.0000000E+00  0.0000000E+00  0.1570796E+01  0.1570796E+01  0.1570796E+01
  0.1586000E+01  0.1412500E-02  0.0000000E+00  0.0000000E+00  0.1570796E+01  0.1570796E+01  0.1570796E+01
  0.1588000E+01  0.1411500E-02  0.0000000E+00  0.0000000E+00  0.1570796E+01  0.1570796E+01  0.1570796E+01
  0.1590000E+01  0.1410500E-02  0.0000000E+00  0.0000000E+00  0.1570796E+01  0.1570796E+01  0.1570796E+01
  0.1592000E+01  0.1409500E-02  0.0000000E+00  0.0000000E+00  0.1570796E+01  0.1570796E+01  0.1570796E+01
  0.1594000E+01  0.1408500E-02  0.0000000E+00  0.0000000E+00  0.1570796E+01  0.1570796E+01  0.1570796E+01
  0.1596000E+01  0.1407500E-02  0.0000000E+00  0.0000000E+00  0.1570796E+01  0.1570796E+01  0.1570796E+01
  0.1598000E+01  0.1406500E-02  0.0000000E+00  0.0000000E+00  0.1570796E+01  0.1570796E+01  0.1570796E+01
  0.1600000E+01  0.1405500E-02  0.0000000E+00  0.0000000E+00  0.1570796E+01  0.1570796E+01  0.1570796E+01
  0.1602000E+01  0.1406300E-02  0.0000000E+00  0.0000000E+00  0.1570796E+01  0.1570796E+01  0.1570796E+01
  0.1604000E+01  0.1407100E-02  0.0000000E+00  0.0000000E+00  0.1570796E+01  0.1570796E+01  0.1570796E+01
  0.1606000E+01  0.1407900E-02  0.0000000E+00  0.0000000E+00  0.1570796E+01  0.1570796E+01  0.1570796E+01
  0.1608000E+01  0.1408700E-02  0.0000000E+00  0.0000000E+00  0.1570796E+01  0.1570796E+01  0.1570796E+01
  0.1610000E+01  0.1409500E-02  0.0000000E+00  0.0000000E+00  0.1570796E+01  0.1570796E+01  0.1570796E+01
  0.1612000E+01  0.1410300E-02  0.0000000E+00  0.0000000E+00  0.1570796E+01  0.1570796E+01  0.1570796E+01
  0.1614000E+01  0.1411100E-02  0.0000000E+00  0.0000000E+00  0.1570796E+01  0.1570796E+01  0.1570796E+01
  0.1616000E+01  0.1411900E-02  0.0000000E+00  0.0000000E+00  0.1570796E+01  0.1570796E+01  0.1570796E+01
  0.1618000E+01  0.1412700E-02  0.0000000E+00  0.0000000E+00  0.1570796E+01  0.1570796E+01  0.1570796E+01
  0.1620000E+01  0.1413500E-02  0.0000000E+00  0.0000000E+00  0.1570796E+01  0.1570796E+01  0.1570796E+01
  0.1622000E+01  0.1414300E-02  0.0000000E+00  0.0000000E+00  0.1570796E+01  0.1570796E+01  0.1570796E+01
  0.1624000E+01  0.1415100E-02  0.0000000E+00  0.0000000E+00  0.1570796E+01  0.1570796E+01  0.1570796E+01
  0.1626000E+01  0.1415900E-02  0.0000000E+00  0.0000000E+00  0.1570796E+01  0.1570796E+01  0.1570796E+01
  0.1628000E+01  0.1416700E-02  0.0000000E+00  0.0000000E+00  0.1570796E+01  0.1570796E+01  0.1570796E+01
  0.1630000E+01  0.1417500E-02  0.0000000E+00  0.0000000E+00  0.1570796E+01  0.1570796E+01  0.1570796E+01
  0.1632000E+01  0.1418300E-02  0.0000000E+00  0.0000000E+00  0.1570796E+01  0.1570796E+01  0.1570796E+01
  0.1634000E+01  0.1419100E-02  0.0000000E+00  0.0000000E+00  0.1570796E+01  0.1570796E+01  0.1570796E+01
  0.1636000E+01  0.1419900E-02  0.0000000E+00  0.0000000E+00  0.1570796E+01  0.1570796E+01  0.1570796E+01
  0.1638000E+01  0.1420700E-02  0.0000000E+00  0.0000000E+00  0.1570796E+01  0.1570796E+01  0.1570796E+01
  0.1640000E+01  0.1421500E-02  0.0000000E+00  0.0000000E+00  0.1570796E+01  0.1570796E+01  0.1570796E+01
  0.1642000E+01  0.1422300E-02  0.0000000E+00  0.0000000E+00  0.1570796E+01  0.1570796E+01  0.1570796E+01
  0.1644000E+01  0.1423100E-02  0.0000000E+00  0.0000000E+00  0.1570796E+01  0.1570796E+01  0.1570796E+01
  0.1646000E+01  0.1423900E-02  0.0000000E+00  0.0000000E+00  0.1570796E+01  0.1570796E+01  0.1570796E+01
  0.1648000E+01  0.1424700E-02  0.0000000E+00  0.0000000E+00  0.1570796E+01  0.1570796E+01  0.1570796E+01
  0.1650000E+01  0.1425500E-02  0.0000000E+00  0.0000000E+00  0.1570796E+01  0.1570796E+01  0.1570796E+01
  0.1652000E+01  0.1426300E-02  0.0000000E+00  0.0000000E+00  0.1570796E+01  0.1570796E+01  0.1570796E+01
  0.1654000E+01  0.1427100E-02  0.0000000E+00  0.0000000E+00  0.1570796E+01  0.1570796E+01  0.1570796E+01
  0.1656000E+01  0.1427900E-02  0.0000000E+00  0.0000000E+00  0.1570796E+01  0.1570796E+01  0.1570796E+01
  0.1658000E+01  0.1428700E-02  0.0000000E+00  0.0000000E+00  0.1570796E+01  0.1570796E+01  0.1570796E+01
  0.1660000E+01  0.1429500E-02  0.0000000E+00  0.0000000E+00  0.1570796E+01  0.1570796E+01  0.1570796E+01
  0.1662000E+01  0.1430300E-02  0.0000000E+00  0.0000000E+00  0.1570796E+01  0.1570796E+01  0.1570796E+01
  0.1664000E+01  0.1431100E-02  0.0000000E+00  0.0000000E+00  0.1570796E+01  0.1570796E+01  0.1570796E+01
  0.1666000E+01  0.1431900E-02  0.0000000E+00  0.0000000E+00  0.1570796E+01  0.1570796E+01  0.1570796E+01
  0.1668000E+01  0.1432700E-02  0.0000000E+00  0.0000000E+00  0.1570796E+01  0.1570796E+01  0.1570796E+01
  0.1670000E+01  0.1433500E-02  0.0000000E+00  0.0000000E+00  0.1570796E+01  0.1570796E+01  0.1570796E+01
  0.1672000E+01  0.1434300E-02  0.0000000E+00  0.0000000E+00  0.1570796E+01  0.1570796E+01  0.1570796E+01
  0.1674000E+01  0.1435100E-02  0.0000000E+00  0.0000000E+00  0.1570796E+01  0.1570796E+01  0.1570796E+01
  0.1676000E+01  0.1435900E-02  0.0000000E+00  0.0000000E+00  0.1570796E+01  0.1570796E+01  0.1570796E+01
  0.1678000E+01  0.1436700E-02  0.0000000E+00  0.0000000E+00  0.1570796E+01  0.1570796E+01  0.1570796E+01
  0.1680000E+01  0.1437500E-02  0.0000000E+00  0.0000000E+00  0.1570796E+01  0.1570796E+01  0.1570796E+01
  0.1682000E+01  0.1438300E-02  0.0000000E+00  0.0000000E+00  0.1570796E+01  0.1570796E+01  0.1570796E+01
  0.1684000E+01  0.1439100E-02  0.0000000E+00  0.0000000E+00  0.1570796E+01  0.1570796E+01  0.1570796E+01
  0.1686000E+01  0.1439900E-02  0.0000000E+00  0.0000000E+00  0.1570796E+01  0.1570796E+01  0.1570796E+01
  0.1688000E+01  0.1440700E-02  0.0000000E+00  0.0000000E+00  0.1570796E+01  0.1570796E+01  0.1570796E+01
  0.1690000E+01  0.1441500E-02  0.0000000E+00  0.0000000E+00  0.1570796E+01  0.1570796E+01  0.1570796E+01
  0.1692000E+01  0.1442300E-02  0.0000000E+00  0.0000000E+00  0.1570796E+01  0.1570796E+01  0.1570796E+01
  0.1694000E+01  0.1443100E-02  0.0000000E+00  0.0000000E+00  0.1570796E+01  0.1570796E+01  0.1570796E+01
  0.1696000E+01  0.1443900E-02  0.0000000E+00  0.0000000E+00  0.1570796E+01  0.1570796E+01  0.1570796E+01
  0.1698000E+01  0.1444700E-02  0.0000000E+00  0.0000000E+00  0.1570796E+01  0.1570796E+01  0.1570796E+01
  0.1700000E+01  0.1445500E-02  0.0000000E+00  0.0000000E+00  0.1570796E+01  0.1570796E+01  0.1570796E+01
  0.1702000E+01  0.1446300E-02  0.0000000E+00  0.0000000E+00  0.1570796E+01  0.1570796E+01  0.1570796E+01
  0.1704000E+01  0.1447100E-02  0.0000000E+00  0.0000000E+00  0.1570796E+01  0.1570796E+01  0.1570796E+01
  0.1706000E+01  0.1447900E-02  0.0000000E+00  0.0000000E+00  0.1570796E+01  0.1570796E+01  0.1570796E+01
  0.1708000E+01  0.1448700E-02  0.0000000E+00  0.0000000E+00  0.1570796E+01  0.1570796E+01  0.1570796E+01
  0.1710000E+01  0.1449500E-02  0.0000000E+00  0.0000000E+00  0.1570796E+01  0.1570796E+01  0.1570796E+01
  0.1712000E+01  0.1450300E-02  0.0000000E+00  0.0000000E+00  0.1570796E+01  0.1570796E+01  0.1570796E+01
  0.1714000E+01  0.1451100E-02  0.0000000E+00  0.0000000E+00  0.1570796E+01  0.1570796E+01  0.1570796E+01
  0.1716000E+01  0.1451900E-02  0.0000000E+00  0.0000000E+00  0.1570796E+01  0.1570796E+01  0.1570796E+01
  0.1718000E+01  0.1452700E-02  0.0000000E+00  0.0000000E+00  0.1570796E+01  0.1570796E+01  0.1570796E+01
  0.1720000E+01  0.1453500E-02  0.0000000E+00  0.0000000E+00  0.1570796E+01  0.1570796E+01  0.1570796E+01
  0.1722000E+01  0.1454300E-02  0.0000000E+00  0.0000000E+00  0.1570796E+01  0.1570796E+01  0.1570796E+01
  0.1724000E+01  0.1455100E-02  0.0000000E+00  0.0000000E+00  0.1570796E+01  0.1570796E+01  0.1570796E+01
  0.1726000E+01  0.1455900E-02  0.0000000E+00  0.0000000E+00  0.1570796E+01  0.1570796E+01  0.1570796E+01
  0.1728000E+01  0.1456700E-02  0.0000000E+00  0.0000000E+00  0.1570796E+01  0.1570796E+01  0.1570796E+01
  0.1730000E+01  0.1457500E-02  0.0000000E+00  0.0000000E+00  0.1570796E+01  0.1570796E+01  0.1570796E+01
  0.1732000E+01  0.1458300E-02  0.0000000E+00  0.0000000E+00  0.1570796E+01  0.1570796E+01  0.1570796E+01
  0.1734000E+01  0.1459100E-02  0.0000000E+00  0.0000000E+00  0.1570796E+01  0.1570796E+01  0.1570796E+01
  0.1736000E+01  0.1459900E-02  0.0000000E+00  0.0000000E+00  0.1570796E+01  0.1570796E+01  0.1570796E+01
  0.1738000E+01  0.1460700E-02  0.0000000E+00  0.0000000E+00  0.1570796E+01  0.1570796E+01  0.1570796E+01
  0.1740000E+01  0.1461500E-02  0.0000000E+00  0.0000000E+00  0.1570796E+01  0.1570796E+01  0.1570796E+01
  0.1742000E+01  0.1462300E-02  0.0000000E+00  0.0000000E+00  0.1570796E+01  0.1570796E+01  0.1570796E+01
  0.1744000E+01  0.1463100E-02  0.0000000E+00  0.0000000E+00  0.1570796E+01  0.1570796E+01  0.1570796E+01
  0.1746000E+01  0.1463900E-02  0.0000000E+00  0.0000000E+00  0.1570796E+01  0.1570796E+01  0.1570796E+01
  0.1748000E+01  0.1464700E-02  0.0000000E+00  0.0000000E+00  0.1570796E+01  0.1570796E+01  0.1570796E+01
  0.1750000E+01  0.1465500E-02  0.0000000E+00  0.0000000E+00  0.1570796E+01  0.1570796E+01  0.1570796E+01
  0.1752000E+01  0.1466300E-02  0.0000000E+00  0.0000000E+00  0.1570796E+01  0.1570796E+01  0.1570796E+01
  0.1754000E+01  0.1467100E-02  0.0000000E+00  0.0000000E+00  0.1570796E+01  0.1570796E+01  0.1570796E+01
  0.1756000E+01  0.1467900E-02  0.0000000E+00  0.0000000E+00  0.1570796E+01  0.1570796E+01  0.1570796E+01
  0.1758000E+01  0.1468700E-02  0.0000000E+00  0.0000000E+00  0.1570796E+01  0.1570796E+01  0.1570796E+01
  0.1760000E+01  0.1469500E-02  0.0000000E+00  0.0000000E+00  0.1570796E+01  0.1570796E+01  0.1570796E+01
  0.1762000E+01  0.1470300E-02  0.0000000E+00  0.0000000E+00  0.1570796E+01  0.1570796E+01  0.1570796E+01
  0.1764000E+01  0.1471100E-02  0.0000000E+00  0.0000000E+00  0.1570796E+01  0.1570796E+01  0.1570796E+01
  0.1766000E+01  0.1471900E-02  0.0000000E+00  0.0000000E+00  0.1570796E+01  0.1570796E+01  0.1570796E+01
  0.1768000E+01  0.1472700E-02  0.0000000E+00  0.0000000E+00  0.1570796E+01  0.1570796E+01  0.1570796E+01
  0.1770000E+01  0.1473500E-02  0.0000000E+00  0.0000000E+00  0.1570796E+01  0.1570796E+01  0.1570796E+01
  0.1772000E+01  0.1474300E-02  0.0000000E+00  0.0000000E+00  0.1570796E+01  0.1570796E+01  0.1570796E+01
  0.1774000E+01  0.1475100E-02  0.0000000E+00  0.0000000E+00  0.1570796E+01  0.1570796E+01  0.1570796E+01
  0.1776000E+01  0.1475900E-02  0.0000000E+00  0.0000000E+00  0.1570796E+01  0.1570796E+01  0.1570796E+01
  0.1778000E+01  0.1476700E-02  0.0000000E+00  0.0000000E+00  0.1570796E+01  0.1570796E+01  0.1570796E+01
  0.1780000E+01  0.1477500E-02  0.0000000E+00  0.0000000E+00  0.1570796E+01  0.1570796E+01  0.1570796E+01
  0.1782000E+01  0.1478300E-02  0.0000000E+00  0.0000000E+00  0.1570796E+01  0.1570796E+01  0.1570796E+01
  0.1784000E+01  0.1479100E-02  0.0000000E+00  0.0000000E+00  0.1570796E+01  0.1570796E+01  0.1570796E+01
  0.1786000E+01  0.1479900E-02  0.0000000E+00  0.0000000E+00  0.1570796E+01  0.1570796E+01  0.1570796E+01
  0.1788000E+01  0.1480700E-02  0.0000000E+00  0.0000000E+00  0.1570796E+01  0.1570796E+01  0.1570796E+01
  0.1790000E+01  0.1481500E-02  0.0000000E+00  0.0000000E+00  0.1570796E+01  0.1570796E+01  0.1570796E+01
  0.1792000E+01  0.1482300E-02  0.0000000E+00  0.0000000E+00  0.1570796E+01  0.1570796E+01  0.1570796E+01
  0.1794000E+01  0.1483100E-02  0.0000000E+00  0.0000000E+00  0.1570796E+01  0.1570796E+01  0.1570796E+01
  0.1796000E+01  0.1483900E-02  0.0000000E+00  0.0000000E+00  0.1570796E+01  0.1570796E+01  0.1570796E+01
  0.1798000E+01  0.1484700E-02  0.0000000E+00  0.0000000E+00  0.1570796E+01  0.1570796E+01  0.1570796E+01
  0.1800000E+01  0.1485500E-02  0.0000000E+00  0.0000000E+00  0.1570796E+01  0.1570796E+01  0.1570796E+01
  0.1802000E+01  0.1484900E-02  0.0000000E+00  0.0000000E+00  0.1570796E+01  0.1570796E+01  0.1570796E+01
  0.1804000E+01  0.1484300E-02  0.0000000E+00  0.0000000E+00  0.1570796E+01  0.1570796E+01  0.1570796E+01
  0.1806000E+01  0.1483700E-02  0.0000000E+00  0.0000000E+00  0.1570796E+01  0.1570796E+01  0.1570796E+01
  0.1808000E+01  0.1483100E-02  0.0000000E+00  0.0000000E+00  0.1570796E+01  0.1570796E+01  0.1570796E+01
  0.1810000E+01  0.1482500E-02  0.0000000E+00  0.0000000E+00  0.1570796E+01  0.1570796E+01  0.1570796E+01
  0.1812000E+01  0.1481900E-02  0.0000000E+00  0.0000000E+00  0.1570796E+01  0.1570796E+01  0.1570796E+01
  0.1814000E+01  0.1481300E-02  0.0000000E+00  0.0000000E+00  0.1570796E+01  0.1570796E+01  0.1570796E+01
  0.1816000E+01  0.1480700E-02  0.0000000E+00  0.0000000E+00  0.1570796E+01  0.1570796E+01  0.1570796E+01
  0.1818000E+01  0.1480100E-02  0.0000000E+00  0.0000000E+00  0.1570796E+01  0.1570796E+01  0.1570796E+01
  0.1820000E+01  0.1479500E-02  0.0000000E+00  0.0000000E+00  0.1570796E+01  0.1570796E+01  0.1570796E+01
  0.1822000E+01  0.1478900E-02  0.0000000E+00  0.0000000E+00  0.1570796E+01  0.1570796E+01  0.1570796E+01
  0.1824000E+01  0.1478300E-02  0.0000000E+00  0.0000000E+00  0.1570796E+01  0.1570796E+01  0.1570796E+01
  0.1826000E+01  0.1477700E-02  0.0000000E+00  0.0000000E+00  0.1570796E+01  0.1570796E+01  0.1570796E+01
  0.1828000E+01  0.1477100E-02  0.0000000E+00  0.0000000E+00  0.1570796E+01  0.1570796E+01  0.1570796E+01
  0.1830000E+01  0.1476500E-02  0.0000000E+00  0.0000000E+00  0.1570796E+01  0.1570796E+01  0.1570796E+01
  0.1832000E+01  0.1475900E-02  0.0000000E+00  0.0000000E+00  0.1570796E+01  0.1570796E+01  0.1570796E+01
  0.1834000E+01  0.1475300E-02  0.0000000E+00  0.0000000E+00  0.1570796E+01  0.1570796E+01  0.1570796E+01
  0.1836000E+01  0.1474700E-02  0.0000000E+00  0.0000000E+00  0.1570796E+01  0.1570796E+01  0.1570796E+01
  0.1838000E+01  0.1474100E-02  0.0000000E+00  0.0000000E+00  0.1570796E+01  0.1570796E+01  0.1570796E+01
  0.1840000E+01  0.1473500E-02  0.0000000E+00  0.0000000E+00  0.1570796E+01  0.1570796E+01  0.1570796E+01
  0.1842000E+01  0.1472900E-02  0.0000000E+00  0.0000000E+00  0.1570796E+01  0.1570796E+01  0.1570796E+01
  0.1844000E+01  0.1472300E-02  0.0000000E+00  0.0000000E+00  0.1570796E+01  0.1570796E+01  0.1570796E+01
  0.1846000E+01  0.1471700E-02  0.0000000E+00  0.0000000E+00  0.1570796E+01  0.1570796E+01  0.1570796E+01
  0.1848000E+01  0.1471100E-02  0.0000000E+00  0.0000000E+00  0.1570796E+01  0.1570796E+01  0.1570796E+01
  0.1850000E+01  0.1470500E-02  0.0000000E+00  0.0000000E+00  0.1570796E+01  0.1570796E+01  0.1570796E+01
  0.1852000E+01  0.1469900E-02  0.0000000E+00  0.0000000E+00  0.1570796E+01  0.1570796E+01  0.1570796E+01
  0.1854000E+01  0.1469300E-02  0.0000000E+00  0.0000000E+00  0.1570796E+01  0.1570796E+01  0.1570796E+01
  0.1856000E+01  0.1468700E-02  0.0000000E+00  0.0000000E+00  0.1570796E+01  0.1570796E+01  0.1570796E+01
  0.1858000E+01  0.1468100E-02  0.0000000E+00  0.0000000E+00  0.1570796E+01  0.1570796E+01  0.1570796E+01
  0.1860000E+01  0.1467500E-02  0.0000000E+00  0.0000000E+00  0.1570796E+01  0.1570796E+01  0.1570796E+01
  0.1862000E+01  0.1466900E-02  0.0000000E+00  0.0000000E+00  0.1570796E+01  0.1570796E+01  0.1570796E+01
  0.1864000E+01  0.1466300E-02  0.0000000E+00  0.0000000E+00  0.1570796E+01  0.1570796E+01  0.1570796E+01
  0.1866000E+01  0.1465700E-02  0.0000000E+00  0.0000000E+00  0.1570796E+01  0.1570796E+01  0.1570796E+01
  0.1868000E+01  0.1465100E-02  0.0000000E+00  0.0000000E+00  0.1570796E+01  0.1570796E+01  0.1570796E+01
  0.1870000E+01  0.1464500E-02  0.0000000E+00  0.0000000E+00  0.1570796E+01  0.1570796E+01  0.1570796E+01
  0.1872000E+01  0.1463900E-02  0.0000000E+00  0.0000000E+00  0.1570796E+01  0.1570796E+01  0.1570796E+01
  0.1874000E+01  0.1463300E-02  0.0000000E+00  0.0000000E+00  0.1570796E+01  0.1570796E+01  0.1570796E+01
  0.1876000E+01  0.1462700E-02  0.0000000E+00  0.0000000E+00  0.1570796E+01  0.1570796E+01  0.1570796E+01
  0.1878000E+01  0.1462100E-02  0.0000000E+00  0.0000000E+00  0.1570796E+01  0.1570796E+01  0.1570796E+01
  0.1880000E+01  0.1461500E-02  0.0000000E+00  0.0000000E+00  0.1570796E+01  0.1570796E+01  0.1570796E+01
  0.1882000E+01  0.1460900E-02  0.0000000E+00  0.0000000E+00  0.1570796E+01  0.1570796E+01  0.1570796E+01
  0.1884000E+01  0.1460300E-02  0.0000000E+00  0.0000000E+00  0.1570796E+01  0.1570796E+01  0.1570796E+01
  0.1886000E+01  0.1459700E-02  0.0000000E+00  0.0000000E+00  0.1570796E+01  0.1570796E+01  0.1570796E+01
  0.1888000E+01  0.1459100E-02  0.0000000E+00  0.0000000E+00  0.1570796E+01  0.1570796E+01  0.1570796E+01
  0.1890000E+01  0.1458500E-02  0.0000000E+00  0.0000000E+00  0.1570796E+01  0.1570796E+01  0.1570796E+01
  0.1892000E+01  0.1457900E-02  0.0000000E+00  0.0000000E+00  0.1570796E+01  0.1570796E+01  0.1570796E+01
  0.1894000E+01  0.1457300E-02  0.0000000E+00  0.0000000E+00  0.1570796E+01  0.1570796E+01  0.1570796E+01
  0.1896000E+01  0.1456700E-02  0.0000000E+00  0.0000000E+00  0.1570796E+01  0.1570796E+01  0.1570796E+01
  0.1898000E+01  0.1456100E-02  0.0000000E+00  0.0000000E+00  0.1570796E+01  0.1570796E+01  0.1570796E+01
  0.1900000E+01  0.1455500E-02  0.0000000E+00  0.0000000E+00  0.1570796E+01  0.1570796E+01  0.1570796E+01
  0.1902000E+01  0.1454900E-02  0.0000000E+00  0.0000000E+00  0.1570796E+01  0.1570796E+01  0.1570796E+01
  0.1904000E+01  0.1454300E-02  0.0000000E+00  0.0000000E+00  0.1570796E+01  0.1570796E+01  0.1570796E+01
  0.1906000E+01  0.1453700E-02  0.0000000E+00  0.0000000E+00  0.1570796E+01  0.1570796E+01  0.1570796E+01
  0.1908000E+01  0.1453100E-02  0.0000000E+00  0.0000000E+00  0.1570796E+01  0.1570796E+01  0.1570796E+01
  0.1910000E+01  0.1452500E-02  0.0000000E+00  0.0000000E+00  0.1570796E+01  0.1570796E+01  0.1570796E+01
  0.1912000E+01  0.1451900E-02  0.0000000E+00  0.0000000E+00  0.1570796E+01  0.1570796E+01  0.1570796E+01
  0.1914000E+01  0.1451300E-02  0.0000000E+00  0.0000000E+00  0.1570796E+01  0.1570796E+01  0.1570796E+01
  0.1916000E+01  0.1450700E-02  0.0000000E+00  0.0000000E+00  0.1570796E+01  0.1570796E+01  0.1570796E+01
  0.1918000E+01  0.1450100E-02  0.0000000E+00  0.0000000E+00  0.1570796E+01  0.1570796E+01  0.1570796E+01
  0.1920000E+01  0.1449500E-02  0.0000000E+00  0.0000000E+00  0.1570796E+01  0.1570796E+01  0.1570796E+01
  0.1922000E+01  0.1448900E-02  0.0000000E+00  0.0000000E+00  0.1570796E+01  0.1570796E+01  0.1570796E+01
  0.1924000E+01  0.1448300E-02  0.0000000E+00  0.0000000E+00  0.1570796E+01  0.1570796E+01  0.1570796E+01
  0.1926000E+01  0.1447700E-02  0.0000000E+00  0.0000000E+00  0.1570796E+01  0.1570796E+01  0.1570796E+01
  0.1928000E+01  0.1447100E-02  0.0000000E+00  0.0000000E+00  0.1570796E+01  0.1570796E+01  0.1570796E+01
  0.1930000E+01  0.1446500E-02  0.0000000E+00  0.0000000E+00  0.1570796E+01  0.1570796E+01  0.1570796E+01
  0.1932000E+01  0.1445900E-02  0.0000000E+00  0.0000000E+00  0.1570796E+01  0.1570796E+01  0.1570796E+01
  0.1934000E+01  0.1445300E-02  0.0000000E+00  0.0000000E+00  0.1570796E+01  0.1570796E+01  0.1570796E+01
  0.1936000E+01  0.1444700E-02  0.0000000E+00  0.0000000E+00  0.1570796E+01  0.1570796E+01  0.1570796E+01
  0.1938000E+01  0.1444100E-02  0.0000000E+00  0.0000000E+00  0.1570796E+01  0.1570796E+01  0.1570796E+01
  0.1940000E+01  0.1443500E-02  0.0000000E+00  0.0000000E+00  0.1570796E+01  0.1570796E+01  0.1570796E+01
  0.1942000E+01  0.1442900E-02  0.0000000E+00  0.0000000E+00  0.1570796E+01  0.1570796E+01  0.1570796E+01
  0.1944000E+01  0.1442300E-02  0.0000000E+00  0.0000000E+00  0.1570796E+01  0.1570796E+01  0.1570796E+01
  0.1946000E+01  0.1441700E-02  0.0000000E+00  0.0000000E+00  0.1570796E+01  0.1570796E+01  0.1570796E+01
  0.1948000E+01  0.1441100E-02  0.0000000E+00  0.0000000E+00  0.1570796E+01  0.1570796E+01  0.1570796E+01
  0.1950000E+01  0.1440500E-02  0.0000000E+00  0.0000000E+00  0.1570796E+01  0.1570796E+01  0.1570796E+01
  0.1952000E+01  0.1439900E-02  0.0000000E+00  0.0000000E+00  0.1570796E+01  0.1570796E+01  0.1570796E+01
  0.1954000E+01  0.1439300E-02  0.0000000E+00  0.0000000E+00  0.1570796E+01  0.1570796E+01  0.1570796E+01
  0.1956000E+01  0.1438700E-02  0.0000000E+00  0.0000000E+00  0.1570796E+01  0.1570796E+01  0.1570796E+01
  0.1958000E+01  0.1438100E-02  0.0000000E+00  0.0000000E+00  0.1570796E+01  0.1570796E+01  0.1570796E+01
  0.1960000E+01  0.1437500E-02  0.0000000E+00  0.0000000E+00  0.1570796E+01  0.1570796E+01  0.1570796E+01
  0.1962000E+01  0.1436900E-02  0.0000000E+00  0.0000000E+00  0.1570796E+01  0.1570796E+01  0.1570796E+01
  0.1964000E+01  0.1436300E-02  0.0000000E+00  0.0000000E+00  0.1570796E+01  0.1570796E+01  0.1570796E+01
  0.1966000E+01  0.1435700E-02  0.0000000E+00  0.0000000E+00  0.1570796E+01  0.1570796E+01  0.1570796E+01
  0.1968000E+01  0.1435100E-02  0.0000000E+00  0.0000000E+00  0.1570796E+01  0.1570796E+01  0.1570796E+01
  0.1970000E+01  0.1434500E-02  0.0000000E+00  0.0000000E+00  0.1570796E+01  0.1570796E+01  0.1570796E+01
  0.1972000E+01  0.1433900E-02  0.0000000E+00  0.0000000E+00  0.1570796E+01  0.1570796E+01  0.1570796E+01
  0.1974000E+01  0.1433300E-02  0.0000000E+00  0.0000000E+00  0.1570796E+01  0.1570796E+01  0.1570796E+01
  0.1976000E+01  0.1432700E-02  0.0000000E+00  0.0000000E+00  0.1570796E+01  0.1570796E+01  0.1570796E+01
  0.1978000E+01  0.1432100E-02  0.0000000E+00  0.0000000E+00  0.1570796E+01  0.1570796E+01  0.1570796E+01
  0.1980000E+01  0.1431500E-02  0.0000000E+00  0.0000000E+00  0.1570796E+01  0.1570796E+01  0.1570796E+01
  0.1982000E+01  0.1430900E-02  0.0000000E+00  0.0000000E+00  0.1570796E+01  0.1570796E+01  0.1570796E+01
  0.1984000E+01  0.1430300E-02  0.0000000E+00  0.0000000E+00  0.1570796E+01  0.1570796E+01  0.1570796E+01
  0.1986000E+01  0.1429700E-02  0.0000000E+00  0.0000000E+00  0.1570796E+01  0.1570796E+01  0.1570796E+01
  0.1988000E+01  0.1429100E-02  0.0000000E+00  0.0000000E+00  0.1570796E+01  0.1570796E+01  0.1570796E+01
  0.1990000E+01  0.1428500E-02  0.0000000E+00  0.0000000E+00  0.1570796E+01  0.1570796E+01  0.1570796E+01
  0.1992000E+01  0.1427900E-02  0.0000000E+00  0.0000000E+00  0.1570796E+01  0.1570796E+01  0.1570796E+01
  0.1994000E+01  0.1427300E-02  0.0000000E+00  0.0000000E+00  0.1570796E+01  0.1570796E+01  0.1570796E+01
  0.1996000E+01  0.1426700E-02  0.0000000E+00  0.0000000E+00  0.1570796E+01  0.1570796E+01  0.1570796E+01
  0.1998000E+01  0.1426100E-02  0.0000000E+00  0.0000000E+00  0.1570796E+01  0.1570796E+01  0.1570796E+01
  0.2000000E+01  0.1425500E-02  0.0000000E+00  0.0000000E+00  0.1570796E+01  0.1570796E+01  0.1570796E+01
  0.2002000E+01  0.1425650E-02  0.0000000E+00  0.0000000E+00  0.1570796E+01  0.1570796E+01  0.1570796E+01
  0.2004000E+01  0.1426050E-02  0.0000000E+00  0.0000000E+00  0.1570796E+01  0.1570796E+01  0.1570796E+01
  0.2006000E+01  0.1426450E-02  0.0000000E+00  0.0000000E+00  0.1570796E+01  0.1570796E+01  0.1570796E+01
  0.2008000E+01  0.1426850E-02  0.0000000E+00  0.0000000E+00  0.1570796E+01  0.1570796E+01  0.1570796E+01
  0.2010000E+01  0.1427250E-02  0.0000000E+00  0.0000000E+00  0.1570796E+01  0.1570796E+01  0.1570796E+01
  0.2012000E+01  0.1427650E-02  0.0000000E+00  0.0000000E+00  0.1570796E+01  0.1570796E+01  0.1570796E+01
  0.2014000E+01  0.1428050E-02  0.0000000E+00  0.0000000E+00  0.1570796E+01  0.1570796E+01  0.1570796E+01
  0.2016000E+01  0.1428450E-02  0.0000000E+00  0.0000000E+00  0.1570796E+01  0.1570796E+01  0.1570796E+01
  0.2018000E+01  0.1428850E-02  0.0000000E+00  0.0000000E+00  0.1570796E+01  0.1570796E+01  0.1570796E+01
  0.2020000E+01  0.1429250E-02  0.0000000E+00  0.0000000E+00  0.1570796E+01  0.1570796E+01  0.1570796E+01
  0.2022000E+01  0.1429650E-02  0.0000000E+00  0.0000000E+00  0.1570796E+01  0.1570796E+01  0.1570796E+01
  0.2024000E+01  0.1430050E-02  0.0000000E+00  0.0000000E+00  0.1570796E+01  0.1570796E+01  0.1570796E+01
  0.2026000E+01  0.1430450E-02  0.0000000E+00  0.0000000E+00  0.1570796E+01  0.1570796E+01  0.1570796E+01
  0.2028000E+01  0.1430850E-02  0.0000000E+00  0.0000000E+00  0.1570796E+01  0.1570796E+01  0.1570796E+01
  0.2030000E+01  0.1431250E-02  0.0000000E+00  0.0000000E+00  0.1570796E+01  0.1570796E+01  0.1570796E+01
  0.2032000E+01  0.1431650E-02  0.0000000E+00  0.0000000E+00  0.1570796E+01  0.1570796E+01  0.1570796E+01
  0.2034000E+01  0.1432050E-02  0.0000000E+00  0.0000000E+00  0.1570796E+01  0.1570796E+01  0.1570796E+01
  0.2036000E+01  0.1432450E-02  0.0000000E+00  0.0000000E+00  0.1570796E+01  0.1570796E+01  0.1570796E+01
  0.2038000E+01  0.1432850E-02  0.0000000E+00  0.0000000E+00  0.1570796E+01  0.1570796E+01  0.1570796E+01
  0.2040000E+01  0.1433250E-02  0.0000000E+00  0.0000000E+00  0.1570796E+01  0.1570796E+01  0.1570796E+01
  0.2042000E+01  0.1433650E-02  0.0000000E+00  0.0000000E+00  0.1570796E+01  0.1570796E+01  0.1570796E+01
  0.2044000E+01  0.1434050E-02  0.0000000E+00  0.0000000E+00  0.1570796E+01  0.1570796E+01  0.1570796E+01
  0.2046000E+01  0.1434450E-02  0.0000000E+00  0.0000000E+00  0.1570796E+01  0.1570796E+01  0.1570796E+01
  0.2048000E+01  0.1434850E-02  0.0000000E+00  0.0000000E+00  0.1570796E+01  0.1570796E+01  0.1570796E+01
  0.2050000E+01  0.1435250E-02  0.0000000E+00  0.0000000E+00  0.1570796E+01  0.1570796E+01  0.1570796E+01
  0.2052000E+01  0.1435650E-02  0.0000000E+00  0.0000000E+00  0.1570796E+01  0.1570796E+01  0.1570796E+01
  0.2054000E+01  0.1436050E-02  0.0000000E+00  0.0000000E+00  0.1570796E+01  0.1570796E+01  0.1570796E+01
  0.2056000E+01  0.1436450E-02  0.0000000E+00  0.0000000E+00  0.1570796E+01  0.1570796E+01  0.1570796E+01
  0.2058000E+01  0.1436850E-02  0.0000000E+00  0.0000000E+00  0.1570796E+01  0.1570796E+01  0.1570796E+01
  0.2060000E+01  0.1437250E-02  0.0000000E+00  0.0000000E+00  0.1570796E+01  0.1570796E+01  0.1570796E+01
  0.2062000E+01  0.1437650E-02  0.0000000E+00  0.0000000E+00  0.1570796E+01  0.1570796E+01  0.1570796E+01
  0.2064000E+01  0.1438050E-02  0.0000000E+00  0.0000000E+00  0.1570796E+01  0.1570796E+01  0.1570796E+01
  0.2066000E+01  0.1438450E-02  0.0000000E+00  0.0000000E+00  0.1570796E+01  0.1570796E+01  0.1570796E+01
  0.2068000E+01  0.1438850E-02  0.0000000E+00  0.0000000E+00  0.1570796E+01  0.1570796E+01  0.1570796E+01
  0.2070000E+01  0.1439250E-02  0.0000000E+00  0.0000000E+00  0.1570796E+01  0.1570796E+01  0.1570796E+01
  0.2072000E+01  0.1439650E-02  0.0000000E+00  0.0000000E+00  0.1570796E+01  0.1570796E+01  0.1570796E+01
  0.2074000E+01  0.1440050E-02  0.0000000E+00  0.0000000E+00  0.1570796E+01  0.1570796E+01  0.1570796E+01
  0.2076000E+01  0.1440450E-02  0.0000000E+00  0.0000000E+00  0.1570796E+01  0.1570796E+01  0.1570796E+01
  0.2078000E+01  0.1440850E-02  0.0000000E+00  0.0000000E+00  0.1570796E+01  0.1570796E+01  0.1570796E+01
  0.2080000E+01  0.1441250E-02  0.0000000E+00  0.0000000E+00  0.1570796E+01  0.1570796E+01  0.1570796E+01
  0.2082000E+01  0.1441650E-02  0.0000000E+00  0.0000000E+00  0.1570796E+01  0.1570796E+01  0.1570796E+01
  0.2084000E+01  0.1442050E-02  0.0000000E+00  0.0000000E+00  0.1570796E+01  0.1570796E+01  0.1570796E+01
  0.2086000E+01  0.1442450E-02  0.0000000E+00  0.0000000E+00  0.1570796E+01  0.1570796E+01  0.1570796E+01
  0.2088000E+01  0.1442850E-02  0.0000000E+00  0.0000000E+00  0.1570796E+01  0.1570796E+01  0.1570796E+01
  0.2090000E+01  0.1443250E-02  0.0000000E+00  0.0000000E+00  0.1570796E+01  0.1570796E+01  0.1570796E+01
  0.2092000E+01  0.1443650E-02  0.0000000E+00  0.0000000E+00  0.1570796E+01  0.1570796E+01  0.1570796E+01
  0.2094000E+01  0.1444050E-02  0.0000000E+00  0.0000000E+00  0.1570796E+01  0.1570796E+01  0.1570796E+01
  0.2096000E+01  0.1444450E-02  0.0000000E+00  0.0000000E+00  0.1570796E+01  0.1570796E+01  0.1570796E+01
  0.2098000E+01  0.1444850E-02  0.0000000E+00  0.0000000E+00  0.1570796E+01  0.1570796E+01  0.1570796E+01
  0.2100000E+01  0.1445250E-02  0.0000000E+00  0.0000000E+00  0.1570796E+01  0.1570796E+01  0.1570796E+01
  0.2102000E+01  0.1445650E-02  0.0000000E+00  0.0000000E+00  0.1570796E+01  0.1570796E+01  0.1570796E+01
  0.2104000E+01  0.1446050E-02  0.0000000E+00  0.0000000E+00  0.1570796E+01  0.1570796E+01  0.1570796E+01
  0.2106000E+01  0.1446450E-02  0.0000000E+00  0.0000000E+00  0.1570796E+01  0.1570796E+01  0.1570796E+01
  0.2108000E+01  0.1446850E-02  0.0000000E+00  0.0000000E+00  0.1570796E+01  0.1570796E+01  0.1570796E+01
  0.2110000E+01  0.1447250E-02  0.0000000E+00  0.0000000E+00  0.1570796E+01  0.1570796E+01  0.1570796E+01
  0.2112000E+01  0.1447650E-02  0.0000000E+00  0.0000000E+00  0.1570796E+01  0.1570796E+01  0.1570796E+01
  0.2114000E+01  0.1448050E-02  0.0000000E+00  0.0000000E+00  0.1570796E+01  0.1570796E+01  0.1570796E+01
  0.2116000E+01  0.1448450E-02  0.0000000E+00  0.0000000E+00  0.1570796E+01  0.1570796E+01  0.1570796E+01
  0.2118000E+01  0.1448850E-02  0.0000000E+00  0.0000000E+00  0.1570796E+01  0.1570796E+01  0.1570796E+01
  0.2120000E+01  0.1449250E-02  0.0000000E+00  0.0000000E+00  0.1570796E+01  0.1570796E+01  0.1570796E+01
  0.2122000E+01  0.1449650E-02  0.0000000E+00  0.0000000E+00  0.1570796E+01  0.1570796E+01  0.1570796E+01
  0.2124000E+01  0.1450050E-02  0.0000000E+00  0.0000000E+00  0.1570796E+01  0.1570796E+01  0.1570796E+01
  0.2126000E+01  0.1450450E-02  0.0000000E+00  0.0000000E+00  0.1570796E+01  0.1570796E+01  0.1570796E+01
  0.2128000E+01  0.1450850E-02  0.0000000E+00  0.0000000E+00  0.1570796E+01  0.1570796E+01  0.1570796E+01
  0.2130000E+01  0.1451250E-02  0.0000000E+00  0.0000000E+00  0.1570796E+01  0.1570796E+01  0.1570796E+01
  0.2132000E+01  0.1451650E-02  0.0000000E+00  0.0000000E+00  0.1570796E+01  0.1570796E+01  0.1570796E+01
  0.2134000E+01  0.1452050E-02  0.0000000E+00  0.0000000E+00  0.1570796E+01  0.1570796E+01  0.1570796E+01
  0.2136000E+01  0.1452450E-02  0.0000000E+00  0.0000000E+00  0.1570796E+01  0.1570796E+01  0.1570796E+01
  0.2138000E+01  0.1452850E-02  0.0000000E+00  0.0000000E+00  0.1570796E+01  0.1570796E+01  0.1570796E+01
  0.2140000E+01  0.1453250E-02  0.0000000E+00  0.0000000E+00  0.1570796E+01  0.1570796E+01  0.1570796E+01
  0.2142000E+01  0.1453650E-02  0.0000000E+00  0.0000000E+00  0.1570796E+01  0.1570796E+01  0.1570796E+01
  0.2144000E+01  0.1454050E-02  0.0000000E+00  0.0000000E+00  0.1570796E+01  0.1570796E+01  0.1570796E+01
  0.2146000E+01  0.1454450E-02  0.0000000E+00  0.0000000E+00  0.1570796E+01  0.1570796E+01  0.1570796E+01
  0.2148000E+01  0.1454850E-02  0.0000000E+00  0.0000000E+00  0.1570796E+01  0.1570796E+01  0.1570796E+01
  0.2150000E+01  0.1455250E-02  0.0000000E+00  0.0000000E+00  0.1570796E+01  0.1570796E+01  0.1570796E+01
  0.2152000E+01  0.1455650E-02  0.0000000E+00  0.0000000E+00  0.1570796E+01  0.1570796E+01  0.1570796E+01
  0.2154000E+01  0.1456050E-02  0.0000000E+00  0.0000000E+00  0.1570796E+01  0.1570796E+01  0.1570796E+01
  0.2156000E+01  0.1456450E-02  0.0000000E+00  0.0000000E+00  0.1570796E+01  0.1570796E+01  0.1570796E+01
  0.2158000E+01  0.1456850E-02  0.0000000E+00  0.0000000E+00  0.1570796E+01  0.1570796E+01  0.1570796E+01
  0.2160000E+01  0.1457250E-02  0.0000000E+00  0.0000000E+00  0.1570796E+01  0.1570796E+01  0.1570796E+01
  0.2162000E+01  0.1457650E-02  0.0000000E+00  0.0000000E+00  0.1570796E+01  0.1570796E+01  0.1570796E+01
  0.2164000E+01  0.1458050E-02  0.0000000E+00  0.0000000E+00  0.1570796E+01  0.1570796E+01  0.1570796E+01
  0.2166000E+01  0.1458450E-02  0.0000000E+00  0.0000000E+00  0.1570796E+01  0.1570796E+01  0.1570796E+01
  0.2168000E+01  0.1458850E-02  0.0000000E+00  0.0000000E+00  0.1570796E+01  0.1570796E+01  0.1570796E+01
  0.2170000E+01  0.1459250E-02  0.0000000E+00  0.0000000E+00  0.1570796E+01  0.1570796E+01  0.1570796E+01
  0.2172000E+01  0.1459650E-02  0.0000000E+00  0.0000000E+00  0.1570796E+01  0.1570796E+01  0.1570796E+01
  0.2174000E+01  0.1460050E-02  0.0000000E+00  0.0000000E+00  0.1570796E+01  0.1570796E+01  0.1570796E+01
  0.2176000E+01  0.1460450E-02  0.0000000E+00  0.0000000E+00  0.1570796E+01  0.1570796E+01  0.1570796E+01
  0.2178000E+01  0.1460850E-02  0.0000000E+00  0.0000000E+00  0.1570796E+01  0.1570796E+01  0.1570796E+01
  0.2180000E+01  0.1461250E-02  0.0000000E+00  0.0000000E+00  0.1570796E+01  0.1570796E+01  0.1570796E+01
  0.2182000E+01  0.1461650E-02  0.0000000E+00  0.0000000E+00  0.1570796E+01  0.1570796E+01  0.1570796E+01
  0.2184000E+01  0.1462050E-02  0.0000000E+00  0.0000000E+00  0.1570796E+01  0.1570796E+01  0.1570796E+01
  0.2186000E+01  0.1462450E-02  0.0000000E+00  0.0000000E+00  0.1570796E+01  0.1570796E+01  0.1570796E+01
  0.2188000E+01  0.1462850E-02  0.0000000E+00  0.0000000E+00  0.1570796E+01  0.1570796E+01  0.1570796E+01
  0.2190000E+01  0.1463250E-02  0.0000000E+00  0.0000000E+00  0.1570796E+01  0.1570796E+01  0.1570796E+01
  0.2192000E+01  0.1463650E-02  0.0000000E+00  0.0000000E+00  0.1570796E+01  0.1570796E+01  0.1570796E+01
  0.2194000E+01  0.1464050E-02  0.0000000E+00  0.0000000E+00  0.1570796E+01  0.1570796E+01  0.1570796E+01
  0.2196000E+01  0.1464450E-02  0.0000000E+00  0.0000000E+00  0.1570796E+01  0.1570796E+01  0.1570796E+01
  0.2198000E+01  0.1464850E-02  0.0000000E+00  0.0000000E+00  0.1570796E+01  0.1570796E+01  0.1570796E+01
  0.2200000E+01  0.1465250E-02  0.0000000E+00  0.0000000E+00  0.1570796E+01  0.1570796E+01  0.1570796E+01
  0.2202000E+01  0.1450350E-02  0.0000000E+00  0.0000000E+00  0.1570796E+01  0.1570796E+01  0.1570796E+01
  0.2204000E+01  0.1430350E-02  0.0000000E+00  0.0000000E+00  0.1570796E+01  0.1570796E+01  0.1570796E+01
  0.2206000E+01  0.1410350E-02  0.0000000E+00  0.0000000E+00  0.1570796E+01  0.1570796E+01  0.1570796E+01
  0.2208000E+01  0.1390350E-02  0.0000000E+00  0.0000000E+00  0.1570796E+01  0.1570796E+01  0.1570796E+01
  0.2210000E+01  0.1370350E-02  0.0000000E+00  0.0000000E+00  0.1570796E+01  0.1570796E+01  0.1570796E+01
  0.2212000E+01  0.1350350E-02  0.0000000E+00  0.0000000E+00  0.1570796E+01  0.1570796E+01  0.1570796E+01
  0.2214000E+01  0.1330350E-02  0.0000000E+00  0.0000000E+00  0.1570796E+01  0.1570796E+01  0.1570796E+01
  0.2216000E+01  0.1310350E-02  0.0000000E+00  0.0000000E+00  0.1570796E+01  0.1570796E+01  0.1570796E+01
  0.2218000E+01  0.1290350E-02  0.0000000E+00  0.0000000E+00  0.1570796E+01  0.1570796E+01  0.1570796E+01
  0.2220000E+01  0.1270350E-02  0.0000000E+00  0.0000000E+00  0.1570796E+01  0.1570796E+01  0.1570796E+01
  0.2222000E+01  0.1250350E-02  0.0000000E+00  0.0000000E+00  0.1570796E+01  0.1570796E+01  0.1570796E+01
  0.2224000E+01  0.1230350E-02  0.0000000E+00  0.0000000E+00  0.1570796E+01  0.1570796E+01  0.1570796E+01
  0.2226000E+01  0.1210350E-02  0.0000000E+00  0.0000000E+00  0.1570796E+01  0.1570796E+01  0.1570796E+01
  0.2228000E+01  0.1190350E-02  0.0000000E+00  0.0000000E+00  0.1570796E+01  0.1570796E+01  0.1570796E+01
  0.2230000E+01  0.1170350E-02  0.0000000E+00  0.0000000E+00  0.1570796E+01  0.1570796E+01  0.1570796E+01
  0.2232000E+01  0.1150350E-02  0.0000000E+00  0.0000000E+00  0.1570796E+01  0.1570796E+01  0.1570796E+01
  0.2234000E+01  0.1130350E-02  0.0000000E+00  0.0000000E+00  0.1570796E+01  0.1570796E+01  0.1570796E+01
  0.2236000E+01  0.1110350E-02  0.0000000E+00  0.0000000E+00  0.1570796E+01  0.1570796E+01  0.1570796E+01
  0.2238000E+01  0.1090350E-02  0.0000000E+00  0.0000000E+00  0.1570796E+01  0.1570796E+01  0.1570796E+01
  0.2240000E+01  0.1070350E-02  0.0000000E+00  0.0000000E+00  0.1570796E+01  0.1570796E+01  0.1570796E+01
  0.2242000E+01  0.1050350E-02  0.0000000E+00  0.0000000E+00  0.1570796E+01  0.1570796E+01  0.1570796E+01
  0.2244000E+01  0.1030350E-02  0.0000000E+00  0.0000000E+00  0.1570796E+01  0.1570796E+01  0.1570796E+01
  0.2246000E+01  0.1010350E-02  0.0000000E+00  0.0000000E+00  0.1570796E+01  0.1570796E+01  0.1570796E+01
  0.2248000E+01  0.9903500E-03  0.0000000E+00  0.0000000E+00  0.1570796E+01  0.1570796E+01  0.1570796E+01
  0.2250000E+01  0.9703500E-03  0.0000000E+00  0.0000000E+00  0.1570796E+01  0.1570796E+01  0.1570796E+01
  0.2252000E+01  0.9503500E-03  0.0000000E+00  0.0000000E+00  0.1570796E+01  0.1570796E+01  0.1570796E+01
  0.2254000E+01  0.9303500E-03  0.0000000E+00  0.0000000E+00  0.1570796E+01  0.1570796E+01  0.1570796E+01
  0.2256000E+01  0.9103500E-03  0.0000000E+00  0.0000000E+00  0.1570796E+01  0.1570796E+01  0.1570796E+01
  0.2258000E+01  0.8903500E-03  0.0000000E+00  0.0000000E+00  0.1570796E+01  0.1570796E+01  0.1570796E+01
  0.2260000E+01  0.8703500E-03  0.0000000E+00  0.0000000E+00  0.1570796E+01  0.1570796E+01  0.1570796E+01
  0.2262000E+01  0.8503500E-03  0.0000000E+00  0.0000000E+00  0.1570796E+01  0.1570796E+01  0.1570796E+01
  0.2264000E+01  0.8303500E-03  0.0000000E+00  0.0000000E+00  0.1570796E+01  0.1570796E+01  0.1570796E+01
  0.2266000E+01  0.8103500E-03  0.0000000E+00  0.0000000E+00  0.1570796E+01  0.1570796E+01  0.1570796E+01
  0.2268000E+01  0.7903500E-03  0.0000000E+00  0.0000000E+00  0.1570796E+01  0.1570796E+01  0.1570796E+01
  0.2270000E+01  0.7703500E-03  0.0000000E+00  0.0000000E+00  0.1570796E+01  0.1570796E+01  0.1570796E+01
  0.2272000E+01  0.7503500E-03  0.0000000E+00  0.0000000E+00  0.1570796E+01  0.1570796E+01  0.1570796E+01
  0.2274000E+01  0.7303500E-03  0.0000000E+00  0.0000000E+00  0.1570796E+01  0.1570796E+01  0.1570796E+01
  0.2276000E+01  0.7103500E-03  0.0000000E+00  0.0000000E+00  0.1570796E+01  0.1570796E+01  0.1570796E+01
  0.2278000E+01  0.6903500E-03  0.0000000E+00  0.0000000E+00  0.1570796E+01  0.1570796E+01  0.1570796E+01
  0.2280000E+01  0.6703500E-03  0.0000000E+00  0.0000000E+00  0.1570796E+01  0.1570796E+01  0.1570796E+01
  0.2282000E+01  0.6503500E-03  0.0000000E+00  0.0000000E+00  0.1570796E+01  0.1570796E+01  0.1570796E+01
  0.2284000E+01  0.6303500E-03  0.0000000E+00  0.0000000E+00  0.1570796E+01  0.1570796E+01  0.1570796E+01
  0.2286000E+01  0.6103500E-03  0.0000000E+00  0.0000000E+00  0.1570796E+01  0.1570796E+01  0.1570796E+01
  0.2288000E+01  0.5903500E-03  0.0000000E+00  0.0000000E+00  0.1570796E+01  0.1570796E+01  0.1570796E+01
  0.2290000E+01  0.5703500E-03  0.0000000E+00  0.0000000E+00  0.1570796E+01  0.1570796E+01  0.1570796E+01
  0.2292000E+01  0.5503500E-03  0.0000000E+00  0.0000000E+00  0.1570796E+01  0.1570796E+01  0.1570796E+01
  0.2294000E+01  0.5303500E-03  0.0000000E+00  0.0000000E+00  0.1570796E+01  0.1570796E+01  0.1570796E+01
  0.2296000E+01  0.5103500E-03  0.0000000E+00  0.0000000E+00  0.1570796E+01  0.1570796E+01  0.1570796E+01
  0.2298000E+01  0.4903500E-03  0.0000000E+00  0.0000000E+00  0.1570796E+01  0.1570796E+01  0.1570796E+01
  0.2300000E+01  0.4703500E-03  0.0000000E+00  0.0000000E+00  0.1570796E+01  0.1570796E+01  0.1570796E+01
  0.2302000E+01  0.4503500E-03  0.0000000E+00  0.0000000E+00  0.1570796E+01  0.1570796E+01  0.1570796E+01
  0.2304000E+01  0.4303500E-03  0.0000000E+00  0.0000000E+00  0.1570796E+01  0.1570796E+01  0.1570796E+01
  0.2306000E+01  0.4103500E-03  0.0000000E+00  0.0000000E+00  0.1570796E+01  0.1570796E+01  0.1570796E+01
  0.2308000E+01  0.3903500E-03  0.0000000E+00  0.0000000E+00  0.1570796E+01  0.1570796E+01  0.1570796E+01
  0.2310000E+01  0.3703500E-03  0.0000000E+00  0.0000000E+00  0.1570796E+01  0.1570796E+01  0.1570796E+01
  0.2312000E+01  0.3503500E-03  0.0000000E+00  0.0000000E+00  0.1570796E+01  0.1570796E+01  0.1570796E+01
  0.2314000E+01  0.3303500E-03  0.0000000E+00  0.0000000E+00  0.1570796E+01  0.1570796E+01  0.1570796E+01
  0.2316000E+01  0.3103500E-03  0.0000000E+00  0.0000000E+00  0.1570796E+01  0.1570796E+01  0.1570796E+01
  0.2318000E+01  0.2903500E-03  0.0000000E+00  0.0000000E+00  0.1570796E+01  0.1570796E+01  0.1570796E+01
  0.2320000E+01  0.2703500E-03  0.0000000E+00  0.0000000E+00  0.1570796E+01  0.1570796E+01  0.1570796E+01
  0.2322000E+01  0.2503500E-03  0.0000000E+00  0.0000000E+00  0.1570796E+01  0.1570796E+01  0.1570796E+01
  0.2324000E+01  0.2303500E-03  0.0000000E+00  0.0000000E+00  0.1570796E+01  0.1570796E+01  0.1570796E+01
  0.2326000E+01  0.2103500E-03  0.0000000E+00  0.0000000E+00  0.1570796E+01  0.1570796E+01  0.1570796E+01
  0.2328000E+01  0.1903500E-03  0.0000000E+00  0.0000000E+00  0.1570796E+01  0.1570796E+01  0.1570796E+01
  0.2330000E+01  0.1703500E-03  0.0000000E+00  0.0000000E+00  0.1570796E+01  0.1570796E+01  0.1570796E+01
  0.2332000E+01  0.1503500E-03  0.0000000E+00  0.0000000E+00  0.1570796E+01  0.1570796E+01  0.1570796E+01
  0.2334000E+01  0.1303500E-03  0.0000000E+00  0.0000000E+00  0.1570796E+01  0.1570796E+01  0.1570796E+01
  0.2336000E+01  0.1103500E-03  0.0000000E+00  0.0000000E+00  0.1570796E+01  0.1570796E+01  0.1570796E+01
  0.2338000E+01  0.9035000E-04  0.0000000E+00  0.0000000E+00  0.1570796E+01  0.1570796E+01  0.1570796E+01
  0.2340000E+01  0.7035000E-04  0.0000000E+00  0.0000000E+00  0.1570796E+01  0.1570796E+01  0.1570796E+01
  0.2342000E+01  0.5035000E-04  0.0000000E+00  0.0000000E+00  0.1570796E+01  0.1570796E+01  0.1570796E+01
  0.2344000E+01  0.3035000E-04  0.0000000E+00  0.0000000E+00  0.1570796E+01  0.1570796E+01  0.1570796E+01
  0.2346000E+01  0.1035000E-04  0.0000000E+00  0.0000000E+00  0.1570796E+01  0.1570796E+01  0.1570796E+01
  0.2348000E+01 -0.9650000E-05  0.0000000E+00  0.0000000E+00  0.1570796E+01  0.1570796E+01  0.1570796E+01
  0.2350000E+01 -0.2965000E-04  0.0000000E+00  0.0000000E+00  0.1570796E+01  0.1570796E+01  0.1570796E+01
  0.2352000E+01 -0.4965000E-04  0.0000000E+00  0.0000000E+00  0.1570796E+01  0.1570796E+01  0.1570796E+01
  0.2354000E+01 -0.6965000E-04  0.0000000E+00  0.0000000E+00  0.1570796E+01  0.1570796E+01  0.1570796E+01
  0.2356000E+01 -0.8965000E-04  0.0000000E+00  0.0000000E+00  0.1570796E+01  0.1570796E+01  0.1570796E+01
  0.2358000E+01 -0.1096500E-03  0.0000000E+00  0.0000000E+00  0.1570796E+01  0.1570796E+01  0.1570796E+01
  0.2360000E+01 -0.1296500E-03  0.0000000E+00  0.0000000E+00  0.1570796E+01  0.1570796E+01  0.1570796E+01
  0.2362000E+01 -0.1496500E-03  0.0000000E+00  0.0000000E+00  0.1570796E+01  0.1570796E+01  0.1570796E+01
  0.2364000E+01 -0.1696500E-03  0.0000000E+00  0.0000000E+00  0.1570796E+01  0.1570796E+01  0.1570796E+01
  0.2366000E+01 -0.1896500E-03  0.0000000E+00  0.0000000E+00  0.1570796E+01  0.1570796E+01  0.1570796E+01
  0.2368000E+01 -0.2096500E-03  0.0000000E+00  0.0000000E+00  0.1570796E+01  0.1570796E+01  0.1570796E+01
  0.2370000E+01 -0.2296500E-03  0.0000000E+00  0.0000000E+00  0.1570796E+01  0.1570796E+01  0.1570796E+01
  0.2372000E+01 -0.2496500E-03  0.0000000E+00  0.0000000E+00  0.1570796E+01  0.1570796E+01  0.1570796E+01
  0.2374000E+01 -0.2696500E-03  0.0000000E+00  0.0000000E+00  0.1570796E+01  0.1570796E+01  0.1570796E+01
  0.2376000E+01 -0.2896500E-03  0.0000000E+00  0.0000000E+00  0.1570796E+01  0.1570796E+01  0.1570796E+01
  0.2378000E+01 -0.3096500E-03  0.0000000E+00  0.0000000E+00  0.1570796E+01  0.1570796E+01  0.1570796E+01
  0.2380000E+01 -0.3296500E-03  0.0000000E+00  0.0000000E+00  0.1570796E+01  0.1570796E+01  0.1570796E+01
  0.2382000E+01 -0.3496500E-03  0.0000000E+00  0.0000000E+00  0.1570796E+01  0.1570796E+01  0.1570796E+01
  0.2384000E+01 -0.3696500E-03  0.0000000E+00  0.0000000E+00  0.1570796E+01  0.1570796E+01  0.1570796E+01
  0.2386000E+01 -0.3896500E-03  0.0000000E+00  0.0000000E+00  0.1570796E+01  0.1570796E+01  0.1570796E+01
  0.2388000E+01 -0.4096500E-03  0.0000000E+00  0.0000000E+00  0.1570796E+01  0.1570796E+01  0.1570796E+01
  0.2390000E+01 -0.4296500E-03  0.0000000E+00  0.0000000E+00  0.1570796E+01  0.1570796E+01  0.1570796E+01
  0.2392000E+01 -0.4496500E-03  0.0000000E+00  0.0000000E+00  0.1570796E+01  0.1570796E+01  0.1570796E+01
  0.2394000E+01 -0.4696500E-03  0.0000000E+00  0.0000000E+00  0.1570796E+01  0.1570796E+01  0.1570796E+01
  0.2396000E+01 -0.4896500E-03  0.0000000E+00  0.0000000E+00  0.1570796E+01  0.1570796E+01  0.1570796E+01
  0.2398000E+01 -0.5096500E-03  0.0000000E+00  0.0000000E+00  0.1570796E+01  0.1570796E+01  0.1570796E+01
  0.2400000E+01 -0.5296500E-03  0.0000000E+00  0.0000000E+00  0.1570796E+01  0.1570796E+01  0.1570796E+01
